"person_id","gender","wave","race","race_label","age","n_dates","n_matches","match_rate","yes_rate_in","yes_rate_out","received_attr","received_sinc","received_intel","received_fun","received_amb","received_shar","received_like","received_prob_yes","received_met_before","pct_partner_black","pct_partner_white","pct_partner_latino","pct_partner_asian","pct_partner_native","pct_partner_other","pct_partner_race_missing","pct_samerace_partners","field_code","field","hometown","zipcode","income","career_code","career","id_in_wave","id_in_gender","condition","n_met_in_wave","undergrad_school","median_sat","tuition","imp_samerace","imp_samerelig","event_goal","date_freq","goout_freq","sports","tvsports","exercise","dining","museums","art","hiking","gaming","clubbing","reading","tv","theater","movies","concerts","music","shopping","yoga","avg_int_corr","avg_partner_pref_attr","avg_partner_pref_sinc","avg_partner_pref_intel","avg_partner_pref_fun","avg_partner_pref_amb","avg_partner_pref_shar"
1,0,1,4,"Asian/Pacific Islander/Asian-American",21,10,4,0.4,0.5,0.8,6.7,7.4,8,7.2,8,7.1,6.85,5.7,1.9,0,0.8,0.1,0.1,0,0,0,0.1,1,"law","chicago","60521",69487,NA,"lawyer",1,1,1,10,NA,NA,NA,2,4,2,7,1,9,2,8,9,1,1,5,1,5,6,9,1,10,10,9,8,1,0.267,44.233,7.911,16.511,16.911,4.511,9.922
2,0,1,2,"European/Caucasian-American",24,10,2,0.2,0.6,0.4,7.7,7.1,7.9,7.5,7.5,6.5,7.6,5.5,1.9,0,0.8,0.1,0.1,0,0,0,0.8,1,"law","alabama","35223",65929,NA,"law",2,3,1,10,NA,NA,NA,2,5,1,5,1,3,2,7,10,8,6,3,5,8,10,1,9,8,7,8,3,1,0.258,44.233,7.911,16.511,16.911,4.511,9.922
3,0,1,2,"European/Caucasian-American",25,10,0,0,0.5,0,6.5,7.1,7.3,6.2,7.11111111111111,6,6,4.5,1.9,0,0.8,0.1,0.1,0,0,0,0.8,2,"economics","connecticut","6268",NA,NA,"economist",3,5,1,10,NA,NA,NA,8,4,6,3,1,3,8,7,8,5,5,8,4,5,7,8,7,7,7,5,8,7,-0.136,44.233,7.911,16.511,16.911,4.511,9.922
4,0,1,2,"European/Caucasian-American",23,10,2,0.2,0.6,0.3,7,7.1,7.7,7.5,7.7,7.2,7.3,6.5,1.77777777777778,0,0.8,0.1,0.1,0,0,0,0.8,1,"law","texas","77096",37754,1,"lawyer/policy work",4,7,1,10,NA,NA,NA,1,1,1,5,1,1,1,6,7,6,7,7,5,7,7,7,9,7,8,7,1,8,-0.007,44.233,7.911,16.511,16.911,4.511,9.922
5,0,1,2,"European/Caucasian-American",21,10,2,0.2,0.3,0.6,5.3,7.7,7.6,7.2,7.8,6.2,6.1,6.5,1.7,0,0.8,0.1,0.1,0,0,0,0.8,1,"law","bowdoin college","94022",86340,1,"lawyer",5,9,1,10,NA,NA,NA,8,1,2,4,1,7,4,7,7,6,8,6,6,8,6,8,6,6,3,7,8,3,-0.079,44.233,7.911,16.511,16.911,4.511,9.922
6,0,1,4,"Asian/Pacific Islander/Asian-American",23,10,2,0.2,0.5,0.6,6.8,7.8,8.6,7,8,6.3,6.8,5.5,1.8,0,0.8,0.1,0.1,0,0,0,0.1,1,"law","md","20878",60304,1,"lawyer",6,11,1,10,NA,NA,NA,1,1,1,3,1,10,8,9,7,8,7,9,2,6,9,2,5,6,6,4,1,1,0.224,44.233,7.911,16.511,16.911,4.511,9.922
7,0,1,4,"Asian/Pacific Islander/Asian-American",22,10,2,0.2,0.7,0.4,7.9,7.6,8.2,7,7.5,6.7,7.6,6.1,1.77777777777778,0,0.8,0.1,0.1,0,0,0,0.1,1,"law","southern california","91360",54620,1,"law",7,13,1,10,NA,NA,NA,2,4,1,5,1,5,3,4,10,10,10,2,3,8,8,8,10,10,10,10,10,10,0.067,44.233,7.911,16.511,16.911,4.511,9.922
8,0,1,2,"European/Caucasian-American",25,10,8,0.8,0.8,1,8.2,7.8,8.1,7.9,7.44444444444444,6.8,7.7,6.3,2,0,0.8,0.1,0.1,0,0,0,0.8,13,"masters in public administration","london, england","0",NA,6,"journalist",8,15,1,10,NA,NA,NA,1,1,1,5,1,2,2,1,10,9,9,3,2,10,8,10,9,9,6,6,8,6,-0.053,44.233,7.911,16.511,16.911,4.511,9.922
9,0,1,6,"Other",26,10,7,0.7,0.7,1,7,7.4,7.5,7.8,6.9,6.3,7.1,5.9,2,0,0.8,0.1,0.1,0,0,0,0,13,"masters in public administration","palm springs, california","0",NA,9,"congresswoman, and comedian",9,17,1,10,NA,NA,NA,1,1,1,4,1,4,3,1,8,6,7,2,2,10,8,8,10,10,9,9,8,3,0.078,44.233,7.911,16.511,16.911,4.511,9.922
10,0,1,2,"European/Caucasian-American",26,10,2,0.2,0.4,0.4,6.33333333333333,7,6.4,6.4,6.2,5.77777777777778,6,6,1.9,0,0.8,0.1,0.1,0,0,0,0.8,13,"masters of social work&education","94115","19335",48652,9,"to create early childhood intervention programs",10,19,1,10,NA,NA,NA,4,4,2,6,1,9,9,9,7,6,6,7,1,7,8,5,6,7,7,8,7,7,0.241,44.233,7.911,16.511,16.911,4.511,9.922
11,1,1,2,"European/Caucasian-American",27,10,0,0,0.4,0,5.6,8.8,8.2,5.4,6.4,5.22222222222222,6.2,5.2,1.9,0,0.6,0,0.3,0,0.1,0,0.6,8,"finance","argentina","0",NA,2,"academia, research, banking, life",1,2,1,10,NA,NA,NA,7,3,1,5,4,8,7,2,6,7,5,5,5,4,9,2,4,8,7,8,5,1,0.056,20.409,14.318,23.227,22.318,10.318,9.409
12,1,1,2,"European/Caucasian-American",22,10,2,0.2,0.4,0.3,7.1,6.6,7.1,6.7,6.9,6.11111111111111,6.9,4.2,1.5,0,0.6,0,0.3,0,0.1,0,0.6,1,"law","england","14850",29237,1,"corporate lawyer",2,4,1,10,NA,NA,NA,1,1,1,1,1,9,7,9,8,7,6,3,3,5,6,6,4,7,7,9,5,5,0.155,20.409,14.318,23.227,22.318,10.318,9.409
13,1,1,4,"Asian/Pacific Islander/Asian-American",22,10,4,0.4,0.4,1,4.8,7.9,8.8,7,5.9,5.88888888888889,6.4,5.11111111111111,1.6,0,0.6,0,0.3,0,0.1,0,0.3,1,"law","southern california","92821",NA,1,"lawyer",3,6,1,10,NA,NA,NA,3,5,2,7,1,7,8,2,9,5,6,4,7,7,6,8,10,8,9,9,8,1,0.119,20.409,14.318,23.227,22.318,10.318,9.409
14,1,1,2,"European/Caucasian-American",23,10,8,0.8,0.8,1,8.2,7.6,7.4,7.6,6.6,7.44444444444444,7.7,5.5,1.6,0,0.6,0,0.3,0,0.1,0,0.6,1,"law","cincinnati, ohio","45243",56580,1,"corporate attorney",4,8,1,10,NA,NA,NA,1,1,2,4,1,10,6,8,8,3,3,10,8,8,6,7,3,10,6,8,6,1,-0.057,20.409,14.318,23.227,22.318,10.318,9.409
15,1,1,3,"Latino/Hispanic American",24,10,3,0.3,0.3,0.9,5.7,7.6,7.7,7.2,6.5,6.66666666666667,6.3,4.77777777777778,1.7,0,0.6,0,0.3,0,0.1,0,0,1,"law","miami","33183",36782,1,"lawyer",5,10,1,10,NA,NA,NA,3,1,1,4,1,9,7,9,7,4,3,6,7,9,8,6,9,9,6,7,2,1,0.052,20.409,14.318,23.227,22.318,10.318,9.409
16,1,1,2,"European/Caucasian-American",25,10,2,0.2,0.3,0.8,5.6,8.4,7.6,4.4,6,4.66666666666667,5.6,3.77777777777778,2,0,0.6,0,0.3,0,0.1,0,0.6,8,"business","milan - italy","26900",NA,7,"research/financial industry",6,12,1,10,NA,NA,NA,9,2,1,5,1,7,2,6,7,7,7,5,5,5,8,3,7,8,7,8,6,1,0.274,20.409,14.318,23.227,22.318,10.318,9.409
17,1,1,2,"European/Caucasian-American",30,10,1,0.1,0.8,0.2,6.7,7.6,8.5,6.1,6.7,6.66666666666667,6.9,4.9,2,0,0.6,0,0.3,0,0.1,0,0.6,13,"political science","georgia, usa","30677",38548,2,"academics or journalism",7,14,1,10,NA,NA,NA,1,1,3,3,2,8,2,9,7,7,5,4,2,6,4,2,7,9,7,7,2,2,0.243,20.409,14.318,23.227,22.318,10.318,9.409
18,1,1,2,"European/Caucasian-American",27,10,1,0.1,0.3,0.3,5.1,7.4,7.7,5.2,7.5,5.55555555555556,5.8,5.6,2,0,0.6,0,0.3,0,0.1,0,0.6,8,"business","new york","10028",52010,7,"financial services",8,16,1,10,NA,NA,NA,8,8,1,6,1,5,5,5,9,4,3,4,4,2,6,9,3,9,3,6,2,1,0.153,20.409,14.318,23.227,22.318,10.318,9.409
19,1,1,2,"European/Caucasian-American",28,10,9,0.9,0.9,1,7.7,6.8,7.7,8.5,7.1,7.7,7.6,6.9,2,0,0.6,0,0.3,0,0.1,0,0.6,8,"money","california","2467",NA,7,"ceo",9,18,1,10,NA,NA,NA,1,1,4,1,1,10,10,10,10,5,5,6,7,9,8,1,1,7,7,7,7,10,-0.057,20.409,14.318,23.227,22.318,10.318,9.409
20,1,1,2,"European/Caucasian-American",24,10,1,0.1,0.9,0.1,7.5,7.3,7.9,8.2,8.4,7.3,8.3,6.6,2,0,0.6,0,0.3,0,0.1,0,0.6,8,"finance","washington dc","3031",NA,7,"ceo",10,20,1,10,NA,NA,NA,1,1,1,1,1,10,10,10,10,9,9,4,10,10,8,3,8,8,6,6,5,10,-0.078,20.409,14.318,23.227,22.318,10.318,9.409
21,0,2,4,"Asian/Pacific Islander/Asian-American",21,16,0,0,0.1875,0.125,5.0625,7.3125,7.75,5.66666666666667,6.66666666666667,5,5.875,5.06666666666667,2,0.125,0.625,0,0.25,0,0,0,0.25,5,"operations research","new jersey","7661",NA,10,"undecided",1,1,2,16,NA,NA,NA,8,10,6,7,4,10,8,10,5,5,5,2,1,3,7,10,4,7,4,8,5,2,0.110625,25.9375,20,22.5,18.4375,5.625,8.75
22,0,2,1,"Black/African American",27,16,2,0.125,0.1875,0.4375,4.8,6.625,6.5,5.5,6.07142857142857,4,5.0625,3.73333333333333,2,0.125,0.625,0,0.25,0,0,0,0.125,9,"tc (health ed)","ann arbor, mi","48104",28418,5,"informatics",2,3,2,16,NA,NA,NA,1,2,1,6,2,1,2,2,8,8,8,1,2,6,8,8,8,9,7,7,8,8,0.09,25.9375,20,22.5,18.4375,5.625,8.75
23,0,2,4,"Asian/Pacific Islander/Asian-American",21,16,3,0.1875,0.375,0.5,5.9375,7.26666666666667,6.9375,6.25,6.4,4.92307692307692,5.8125,5.07142857142857,1.875,0.125,0.625,0,0.25,0,0,0,0.25,3,"psychology","hong kong","0",NA,3,"psychologist",3,5,2,16,NA,NA,NA,9,6,1,1,1,2,2,3,9,7,6,6,7,7,10,9,10,10,10,10,10,3,0.025,25.9375,20,22.5,18.4375,5.625,8.75
24,0,2,2,"European/Caucasian-American",27,16,0,0,0.5,0.125,6.5,6.93333333333333,7.33333333333333,6.625,6.71428571428571,5.28571428571429,5.90625,4.53333333333333,2,0.125,0.625,0,0.25,0,0,0,0.625,11,"social work","new york","11561",43185,9,"health/nutrition oriented social worker",4,7,2,16,NA,NA,NA,2,3,2,6,4,10,1,10,9,6,6,10,6,3,6,1,6,9,8,8,6,7,0.03625,25.9375,20,22.5,18.4375,5.625,8.75
25,0,2,2,"European/Caucasian-American",25,16,0,0,0.875,0,7.6875,7.26666666666667,6.93333333333333,7.33333333333333,6,4.84615384615385,6.84375,5,1.9375,0.125,0.625,0,0.25,0,0,0,0.625,11,"social work","iowa","52803",23152,9,"social worker",5,9,2,16,NA,NA,NA,10,2,1,5,2,7,4,7,7,6,3,5,6,8,9,9,7,10,6,8,8,4,0.089375,25.9375,20,22.5,18.4375,5.625,8.75
26,0,2,2,"European/Caucasian-American",23,16,0,0,0.9375,0,7.625,7.13333333333333,7.26666666666667,7.46666666666667,6.5,6.15384615384615,7.15625,5.66666666666667,2,0.125,0.625,0,0.25,0,0,0,0.625,11,"social work","california","94596",43664,9,"social work with children",6,11,2,16,NA,NA,NA,2,4,1,5,2,9,4,9,7,7,4,6,5,7,5,3,9,9,6,4,5,1,0.06625,25.9375,20,22.5,18.4375,5.625,8.75
27,0,2,3,"Latino/Hispanic American",22,16,2,0.125,0.9375,0.125,8.1875,7.4,6.86666666666667,7.5625,6.57142857142857,5.78571428571429,7.53125,5.26666666666667,2,0.125,0.625,0,0.25,0,0,0,0,3,"speech language pathology","westchester, ny","10523",48441,9,"speech language pathologist",7,13,2,16,NA,NA,NA,1,5,1,6,2,7,6,8,8,7,6,8,7,8,8,5,5,5,5,7,7,8,-0.066875,25.9375,20,22.5,18.4375,5.625,8.75
28,0,2,2,"European/Caucasian-American",26,16,1,0.0625,0.5,0.1875,6.625,7.4375,7.25,6.375,6.625,5.64285714285714,6.5625,5.4,2,0.125,0.625,0,0.25,0,0,0,0.625,3,"speech languahe pathology",NA,NA,NA,NA,NA,8,15,2,16,NA,NA,NA,NA,NA,NA,NA,NA,NA,NA,NA,NA,NA,NA,NA,NA,NA,NA,NA,NA,NA,NA,NA,NA,NA,NA,25.9375,20,22.5,18.4375,5.625,8.75
29,0,2,2,"European/Caucasian-American",22,16,2,0.125,0.1875,0.5625,5.75,7.2,6.53333333333333,6.13333333333333,6.53333333333333,4.69230769230769,5.9375,5.35714285714286,2,0.125,0.625,0,0.25,0,0,0,0.625,11,"social work","washington, dc","22151",61152,9,"social work administration",9,17,2,16,NA,NA,NA,4,5,1,6,1,8,9,7,7,7,6,2,2,7,7,7,5,7,6,8,9,5,0.0875,25.9375,20,22.5,18.4375,5.625,8.75
30,0,2,2,"European/Caucasian-American",23,16,2,0.125,0.25,0.25,6.0625,6.86666666666667,7.33333333333333,6.26666666666667,7.28571428571429,4.91666666666667,5.73333333333333,4.92857142857143,2,0.125,0.625,0,0.25,0,0,0,0.625,1,"law","boston","1867",NA,1,"lawyer",10,19,2,16,NA,NA,NA,2,4,1,7,2,5,6,8,7,4,4,2,1,7,8,5,7,7,7,9,6,4,0.098125,25.9375,20,22.5,18.4375,5.625,8.75
31,0,2,2,"European/Caucasian-American",24,16,4,0.25,0.8125,0.25,7.875,7.25,7.4375,6.5,7.6,5.81818181818182,7,5,1.8125,0.125,0.625,0,0.25,0,0,0,0.625,1,"law","washington, dc","13413",36485,1,"law",11,21,2,16,NA,NA,NA,4,8,1,4,3,3,3,7,10,7,7,7,2,6,6,8,8,8,6,7,10,6,-0.105625,25.9375,20,22.5,18.4375,5.625,8.75
32,0,2,4,"Asian/Pacific Islander/Asian-American",27,16,0,0,0.5625,0,6.93333333333333,7.8,8.2,7.2,7.46666666666667,5.42857142857143,6.75,4.53333333333333,2,0.125,0.625,0,0.25,0,0,0,0.25,3,"psychology","new jersey","8820",NA,2,"professor",12,23,2,16,NA,NA,NA,1,1,1,4,2,4,1,5,9,5,5,1,2,4,9,6,6,7,5,8,10,9,0.05375,25.9375,20,22.5,18.4375,5.625,8.75
33,0,2,2,"European/Caucasian-American",30,16,0,0,0.25,0.3125,6,7.8125,8.0625,6.8125,7.26666666666667,5.53333333333333,6.3125,5.13333333333333,2,0.125,0.625,0,0.25,0,0,0,0.625,3,"educational psychology","michigan","48124",41507,6,"clidren's tv",13,25,2,16,NA,NA,NA,4,8,6,6,1,4,6,10,7,8,6,6,8,6,10,10,8,8,6,6,7,9,-0.078125,25.9375,20,22.5,18.4375,5.625,8.75
34,0,2,4,"Asian/Pacific Islander/Asian-American",21,16,2,0.125,0.6875,0.125,7.1875,7.3125,7.33333333333333,6.86666666666667,7.25,5.21428571428571,6.8125,5.8,2,0.125,0.625,0,0.25,0,0,0,0.25,8,"applied maths/econs","singapore","807931",NA,7,"banking",14,27,2,16,NA,NA,NA,2,2,1,6,2,7,6,6,7,4,4,5,4,7,7,6,9,10,7,7,7,7,0.125,25.9375,20,22.5,18.4375,5.625,8.75
35,0,2,2,"European/Caucasian-American",25,16,5,0.3125,0.6875,0.5,7.3125,6.53333333333333,7.86666666666667,5.57142857142857,7.2,5.21428571428571,6.2,4.33333333333333,2,0.125,0.625,0,0.25,0,0,0,0.625,2,"mathematics","brazil","29055",17134,7,"capital markets",15,29,2,16,NA,NA,NA,9,7,1,6,3,9,7,9,8,8,8,5,6,9,7,9,8,8,7,7,8,3,0.055625,25.9375,20,22.5,18.4375,5.625,8.75
36,0,2,2,"European/Caucasian-American",26,16,2,0.125,0.5,0.1875,6.25,7,7.13333333333333,6.06666666666667,7.13333333333333,5.23076923076923,6.06666666666667,5.33333333333333,2,0.125,0.625,0,0.25,0,0,0,0.625,2,"statistics","brandeis university","8691",NA,4,"biostatistics",16,31,2,16,NA,NA,NA,7,8,2,5,2,6,1,4,6,7,7,7,1,3,9,1,9,6,6,7,5,1,0.11875,25.9375,20,22.5,18.4375,5.625,8.75
37,0,2,2,"European/Caucasian-American",27,16,2,0.125,0.1875,0.5625,4.93333333333333,6.86666666666667,7.4,5.66666666666667,6.4,5,5.66666666666667,4.6,1.93333333333333,0.125,0.625,0,0.25,0,0,0,0.625,3,"organizational psychology","cincinnati, oh","45213",30038,7,"organizational change consultant",17,33,2,16,NA,NA,NA,5,8,2,6,2,6,4,6,10,9,8,7,6,7,5,6,10,7,8,7,4,9,0.105,25.9375,20,22.5,18.4375,5.625,8.75
38,0,2,1,"Black/African American",23,16,3,0.1875,0.4375,0.25,6.53333333333333,7.53333333333333,7.73333333333333,7.6,7.71428571428571,6,6.8,5.13333333333333,1.8125,0.125,0.625,0,0.25,0,0,0,0.125,1,"law","new york","10025",33772,1,"law",19,34,2,16,NA,NA,NA,8,1,1,4,3,7,2,7,10,2,2,7,4,7,2,8,8,10,10,10,10,2,-0.046875,25.9375,20,22.5,18.4375,5.625,8.75
39,0,2,3,"Latino/Hispanic American",24,16,1,0.0625,0.125,0.5,4.33333333333333,7.33333333333333,6.86666666666667,7.26666666666667,6.2,5.35714285714286,6.06666666666667,4.53333333333333,1.9375,0.125,0.625,0,0.25,0,0,0,0,1,"law","los angeles","90026",24997,1,"lawyer",20,35,2,16,NA,NA,NA,6,4,5,6,4,3,2,4,10,10,8,7,1,5,10,9,9,10,9,9,10,1,0.045,25.9375,20,22.5,18.4375,5.625,8.75
40,1,2,4,"Asian/Pacific Islander/Asian-American",25,19,0,0,0.210526315789474,0,4.10526315789474,6.63157894736842,6.47368421052632,5.94736842105263,6,4.8,5.26315789473684,4.26315789473684,1.94736842105263,0.105263157894737,0.578947368421053,0.105263157894737,0.210526315789474,0,0,0,0.210526315789474,NA,"operations research","sf bay area, ca","94043",42096,NA,"tech professional",1,2,2,19,NA,NA,NA,9,6,2,7,7,4,9,3,7,7,8,5,7,9,7,5,5,8,8,10,4,2,-0.0622222222222222,22.4444444444444,16.2777777777778,24.1111111111111,14.8888888888889,12.6666666666667,9.61111111111111
41,1,2,4,"Asian/Pacific Islander/Asian-American",30,19,0,0,0,0.31578947368421,3.68421052631579,6.47368421052632,6.66666666666667,4,6.63157894736842,3.64285714285714,4.66666666666667,3.83333333333333,2,0.105263157894737,0.578947368421053,0.105263157894737,0.210526315789474,0,0,0,0.210526315789474,1,"law","china","10027",NA,1,"law",2,4,2,19,NA,NA,NA,1,1,2,6,5,5,5,6,5,5,5,5,10,5,6,6,6,6,5,5,5,1,-0.189444444444444,22.4444444444444,16.2777777777778,24.1111111111111,14.8888888888889,12.6666666666667,9.61111111111111
42,1,2,4,"Asian/Pacific Islander/Asian-American",23,19,0,0,0.210526315789474,0.210526315789474,4.94736842105263,6.05263157894737,6.88888888888889,5.73684210526316,6.77777777777778,4.8,5.47368421052632,3.8421052631579,2,0.105263157894737,0.578947368421053,0.105263157894737,0.210526315789474,0,0,0,0.210526315789474,5,"mechanical engineering","san francisco(home)/los angeles(undergrad)","94133",28891,5,"engineer",3,6,2,19,NA,NA,NA,1,6,2,7,4,1,1,7,5,3,3,3,1,1,9,8,5,7,2,5,2,1,0.324444444444444,22.4444444444444,16.2777777777778,24.1111111111111,14.8888888888889,12.6666666666667,9.61111111111111
43,1,2,2,"European/Caucasian-American",24,19,1,0.0526315789473684,0.157894736842105,0.368421052631579,4.26315789473684,6.36842105263158,6.94736842105263,4.63157894736842,6.33333333333333,3.9375,4.8421052631579,4.07894736842105,1.94444444444444,0.105263157894737,0.578947368421053,0.105263157894737,0.210526315789474,0,0,0,0.578947368421053,8,"economics","spain","6700",NA,2,"academic",4,8,2,19,NA,NA,NA,1,1,6,6,3,8,9,6,5,7,7,2,5,5,9,6,7,4,6,5,2,1,-0.0711111111111111,22.4444444444444,16.2777777777778,24.1111111111111,14.8888888888889,12.6666666666667,9.61111111111111
44,1,2,2,"European/Caucasian-American",24,19,4,0.210526315789474,0.210526315789474,1,4.89473684210526,6.63157894736842,6.78947368421053,4.61111111111111,5.89473684210526,4.1578947368421,5,4.26315789473684,1.94444444444444,0.105263157894737,0.578947368421053,0.105263157894737,0.210526315789474,0,0,0,0.578947368421053,3,"psychology","israel","22442",NA,2,"academia",5,10,2,19,NA,NA,NA,3,3,1,3,1,9,1,8,7,8,8,10,6,7,8,1,7,3,8,1,6,8,-0.0155555555555556,22.4444444444444,16.2777777777778,24.1111111111111,14.8888888888889,12.6666666666667,9.61111111111111
45,1,2,2,"European/Caucasian-American",28,19,4,0.210526315789474,0.210526315789474,0.894736842105263,5.21052631578947,6.21052631578947,6.89473684210526,3.77777777777778,6.52631578947368,4.05555555555556,5.05263157894737,3.68421052631579,2,0.105263157894737,0.578947368421053,0.105263157894737,0.210526315789474,0,0,0,0.578947368421053,8,"finance","switzerland","10012",NA,7,"banker / academia",6,12,2,19,NA,NA,NA,6,6,2,6,3,9,7,3,6,8,6,6,7,6,6,7,6,7,6,6,6,3,-0.130555555555556,22.4444444444444,16.2777777777778,24.1111111111111,14.8888888888889,12.6666666666667,9.61111111111111
46,1,2,2,"European/Caucasian-American",26,19,4,0.210526315789474,0.473684210526316,0.473684210526316,7.63157894736842,6.78947368421053,7.31578947368421,6.77777777777778,6.29411764705882,5.625,6.76315789473684,4.92105263157895,2,0.105263157894737,0.578947368421053,0.105263157894737,0.210526315789474,0,0,0,0.578947368421053,8,"finanace","italy","21020",NA,7,"banker",7,14,2,19,NA,NA,NA,2,3,2,6,2,10,7,5,6,7,7,8,3,7,7,4,4,6,5,6,2,7,-0.0766666666666667,22.4444444444444,16.2777777777778,24.1111111111111,14.8888888888889,12.6666666666667,9.61111111111111
47,1,2,2,"European/Caucasian-American",30,19,1,0.0526315789473684,0.0526315789473684,0.842105263157895,4.05263157894737,5.8421052631579,6.47368421052632,5.63157894736842,5.94736842105263,4.61111111111111,5.26315789473684,4.36842105263158,1.94736842105263,0.105263157894737,0.578947368421053,0.105263157894737,0.210526315789474,0,0,0,0.578947368421053,8,"finance&economics","italy","100",NA,2,"academic",8,16,2,19,NA,NA,NA,2,2,1,6,1,6,7,2,8,7,6,3,7,4,7,4,5,8,8,7,2,1,0.0105555555555556,22.4444444444444,16.2777777777778,24.1111111111111,14.8888888888889,12.6666666666667,9.61111111111111
48,1,2,2,"European/Caucasian-American",22,19,1,0.0526315789473684,0.421052631578947,0.263157894736842,6.73684210526316,6.26315789473684,5.89473684210526,6.78947368421053,5.63157894736842,5.11111111111111,6.1578947368421,4.47368421052632,2,0.105263157894737,0.578947368421053,0.105263157894737,0.210526315789474,0,0,0,0.578947368421053,12,"undergrad - gs","israel","62996",NA,6,"music production",9,18,2,19,NA,NA,NA,9,2,1,5,2,3,1,6,7,7,8,1,5,8,4,6,10,10,6,8,6,2,0.330555555555556,22.4444444444444,16.2777777777778,24.1111111111111,14.8888888888889,12.6666666666667,9.61111111111111
49,1,2,4,"Asian/Pacific Islander/Asian-American",25,19,6,0.31578947368421,0.421052631578947,0.736842105263158,6.31578947368421,7.05555555555556,7.5,6.97368421052632,7.05555555555556,5.94117647058824,6.42105263157895,4.94736842105263,1.89473684210526,0.105263157894737,0.578947368421053,0.105263157894737,0.210526315789474,0,0,0,0.210526315789474,8,"mathematical finance","philadelphia","19422",62635,7,"entrepreneur",10,20,2,19,NA,NA,NA,1,3,1,3,2,10,7,5,7,6,7,2,8,7,9,5,5,6,5,8,2,7,-0.0411111111111111,22.4444444444444,16.2777777777778,24.1111111111111,14.8888888888889,12.6666666666667,9.61111111111111
50,1,2,1,"Black/African American",27,19,4,0.210526315789474,0.578947368421053,0.473684210526316,6.31578947368421,6.57894736842105,7.38888888888889,7.63157894736842,7.66666666666667,5.875,6.47368421052632,5.10526315789474,1.89473684210526,0.105263157894737,0.578947368421053,0.105263157894737,0.210526315789474,0,0,0,0.105263157894737,1,"law","houston","77026",12063,1,"lawyer",11,22,2,19,NA,NA,NA,4,4,6,6,2,10,10,3,8,5,3,4,3,10,5,6,8,10,7,10,6,2,0.15,22.4444444444444,16.2777777777778,24.1111111111111,14.8888888888889,12.6666666666667,9.61111111111111
51,1,2,2,"European/Caucasian-American",23,19,1,0.0526315789473684,0.263157894736842,0.263157894736842,5.36842105263158,4.86842105263158,6.47368421052632,4.21052631578947,6.07894736842105,4.35294117647059,4.60526315789474,3.5,1.84210526315789,0.105263157894737,0.578947368421053,0.105263157894737,0.210526315789474,0,0,0,0.578947368421053,1,"law","philadelphia","19151",29809,1,"law",12,24,2,19,NA,NA,NA,5,10,1,5,3,6,6,7,3,4,3,6,5,4,5,7,1,6,1,2,2,1,-0.163333333333333,22.4444444444444,16.2777777777778,24.1111111111111,14.8888888888889,12.6666666666667,9.61111111111111
52,1,2,2,"European/Caucasian-American",21,19,1,0.0526315789473684,0.210526315789474,0.421052631578947,3.83333333333333,6.64705882352941,7.1764705882353,5.11111111111111,6.44444444444444,4.82352941176471,5.38888888888889,4.22222222222222,1.94444444444444,0.105263157894737,0.578947368421053,0.105263157894737,0.210526315789474,0,0,0,0.578947368421053,1,"law","brooklyn","11204",26482,1,"intellectual property attorney",13,26,2,19,NA,NA,NA,10,9,1,4,1,8,5,3,6,3,4,3,3,3,3,7,4,6,3,5,4,2,0.108888888888889,22.4444444444444,16.2777777777778,24.1111111111111,14.8888888888889,12.6666666666667,9.61111111111111
53,1,2,2,"European/Caucasian-American",28,19,1,0.0526315789473684,0.473684210526316,0.421052631578947,6.88888888888889,7,7.70588235294118,5.61111111111111,7.27777777777778,5.5,6.52777777777778,4.80555555555556,2,0.105263157894737,0.578947368421053,0.105263157894737,0.210526315789474,0,0,0,0.578947368421053,4,"medicine","boston","8071",NA,4,"medicine",14,28,2,19,NA,NA,NA,2,2,2,6,2,8,4,3,10,9,8,8,4,4,9,5,7,9,9,9,7,3,0.255555555555556,22.4444444444444,16.2777777777778,24.1111111111111,14.8888888888889,12.6666666666667,9.61111111111111
54,1,2,2,"European/Caucasian-American",28,19,0,0,0,0.473684210526316,4.42105263157895,6.31578947368421,6.75,4.8421052631579,6.47368421052632,5,5,3.89473684210526,2,0.105263157894737,0.578947368421053,0.105263157894737,0.210526315789474,0,0,0,0.578947368421053,8,"mba","new york","13827",30147,7,"consulting",15,30,2,19,NA,NA,NA,1,1,5,5,1,5,2,2,8,7,8,8,1,3,7,1,8,6,9,9,1,3,0.175555555555556,22.4444444444444,16.2777777777778,24.1111111111111,14.8888888888889,12.6666666666667,9.61111111111111
55,1,2,1,"Black/African American",23,19,3,0.157894736842105,0.31578947368421,0.578947368421053,6.21052631578947,7.05263157894737,7,7.11111111111111,6.77777777777778,5.27777777777778,6.3421052631579,4.57894736842105,1.88888888888889,0.105263157894737,0.578947368421053,0.105263157894737,0.210526315789474,0,0,0,0.105263157894737,1,"law","california","91730",39919,1,"lawyer",16,32,2,19,NA,NA,NA,1,1,6,4,2,10,8,4,5,5,4,1,6,10,9,7,5,10,7,10,5,1,0.113333333333333,22.4444444444444,16.2777777777778,24.1111111111111,14.8888888888889,12.6666666666667,9.61111111111111
56,0,3,2,"European/Caucasian-American",23,10,2,0.2,0.7,0.3,7.5,6.8,6.5,6.9,7,4.88888888888889,6.4,3.7,2,0.1,0.6,0.1,0,0,0.2,0,0.6,11,"social work","florida","33496",41466,9,"social worker",1,1,1,10,NA,NA,NA,10,9,1,3,1,2,1,10,10,5,5,2,1,7,6,8,8,7,6,9,10,4,0.085,29.7,14.2,19.6,20,11.1,9.3
57,0,3,2,"European/Caucasian-American",22,10,1,0.1,0.2,0.4,5.3,7.7,6.9,5.9,5.7,4.66666666666667,5.6,3.2,2,0.1,0.6,0.1,0,0,0.2,0,0.6,11,"social work","new jersey","7045",NA,9,"social worker",2,3,1,10,NA,NA,NA,10,10,3,5,2,4,4,5,9,9,9,9,1,5,9,9,9,9,9,9,9,9,0.07,29.7,14.2,19.6,20,11.1,9.3
58,0,3,NA,NA,NA,10,2,0.2,0.5,0.5,5.88888888888889,7,6.33333333333333,6.375,6.33333333333333,5.88888888888889,5.55555555555556,3.33333333333333,2,0.1,0.6,0.1,0,0,0.2,0,0,NA,NA,NA,NA,NA,NA,NA,3,5,1,10,NA,NA,NA,NA,NA,NA,NA,NA,NA,NA,NA,NA,NA,NA,NA,NA,NA,NA,NA,NA,NA,NA,NA,NA,NA,NA,29.7,14.2,19.6,20,11.1,9.3
59,0,3,NA,NA,NA,10,0,0,0,0,5.4,7.25,6.5,3.75,4,3.75,4.25,2,2,0.1,0.6,0.1,0,0,0.2,0,0,NA,NA,NA,NA,NA,NA,NA,4,7,1,10,NA,NA,NA,NA,NA,NA,NA,NA,NA,NA,NA,NA,NA,NA,NA,NA,NA,NA,NA,NA,NA,NA,NA,NA,NA,NA,29.7,14.2,19.6,20,11.1,9.3
60,0,3,6,"Other",29,10,1,0.1,0.2,0.4,4.8,7,6.4,6.5,6,4.66666666666667,4.8,4,2,0.1,0.6,0.1,0,0,0.2,0,0.2,3,"psychology","new jersey","7747",NA,6,"comedienne",5,9,1,10,NA,NA,NA,3,10,4,6,2,3,1,9,9,5,5,3,1,5,5,2,10,7,6,9,5,5,0.188,29.7,14.2,19.6,20,11.1,9.3
61,0,3,2,"European/Caucasian-American",28,10,2,0.2,0.2,0.3,3.9,7.1,7.55555555555556,5.3,5.7,4.3,5,3.9,2,0.1,0.6,0.1,0,0,0.2,0,0.6,7,"german literature","tuscaloosa, alabama","35404",23988,2,"academic",6,11,1,10,NA,NA,NA,1,5,1,5,2,1,1,5,10,10,10,5,1,5,10,6,10,10,8,10,8,7,0.13,29.7,14.2,19.6,20,11.1,9.3
62,0,3,3,"Latino/Hispanic American",26,10,3,0.3,0.8,0.3,8.3,7.1,7.6,7,6.5,6.375,7.7,4.6,1.9,0.1,0.6,0.1,0,0,0.2,0,0.1,1,"law","albuquerque, nm","87004",28989,1,"attorney",7,13,1,10,NA,NA,NA,1,1,2,7,2,8,5,7,8,6,6,7,7,7,7,3,2,9,7,9,9,2,0.246,29.7,14.2,19.6,20,11.1,9.3
63,0,3,4,"Asian/Pacific Islander/Asian-American",24,10,1,0.1,0.1,0.5,4.4,6.5,7,6.2,5.88888888888889,4.625,5.2,4.2,1.9,0.1,0.6,0.1,0,0,0.2,0,0,1,"law","palo alto, california","94306",50948,10,"undecided",8,15,1,10,NA,NA,NA,1,3,3,6,1,5,3,8,6,9,8,5,1,2,10,1,8,9,4,5,6,2,0.167,29.7,14.2,19.6,20,11.1,9.3
64,0,3,4,"Asian/Pacific Islander/Asian-American",27,10,1,0.1,0.2,0.7,5.3,6.2,7.4,5.6,6.5,4.7,5.2,3.5,2,0.1,0.6,0.1,0,0,0.2,0,0,11,"social work","new york","11375",38022,9,"social worker",9,17,1,10,NA,NA,NA,6,3,2,6,5,8,8,8,8,8,8,9,5,3,8,7,8,8,9,9,8,5,0.05,29.7,14.2,19.6,20,11.1,9.3
65,0,3,6,"Other",23,10,0,0,0.4,0,6.5,7.3,7,7.8,6.2,5.7,6.4,4.7,2,0.1,0.6,0.1,0,0,0.2,0,0.2,11,"social work","boston, ma","4605",NA,3,"social worker.... clinician",10,19,1,10,NA,NA,NA,6,3,2,5,3,7,5,7,8,8,8,8,8,9,8,8,8,9,8,8,9,6,0.082,29.7,14.2,19.6,20,11.1,9.3
66,1,3,3,"Latino/Hispanic American",29,10,1,0.1,0.3,0.5,5.44444444444444,7.55555555555556,7.22222222222222,6.22222222222222,6.625,4.625,5.88888888888889,5.88888888888889,2,0,0.3,0.1,0.2,0,0.2,0.2,0.1,8,"business & international affairs","mexico","11000",NA,7,"private equity investing",1,2,1,10,NA,NA,NA,1,1,2,6,4,4,2,3,6,4,3,3,6,4,8,6,4,8,4,6,4,2,0.23625,13.625,17.5,23.75,17.125,12.375,15.625
67,1,3,6,"Other",22,10,2,0.2,0.4,0.4,6.55555555555556,8,8,6.33333333333333,7,4.66666666666667,5.77777777777778,5.22222222222222,1.77777777777778,0,0.3,0.1,0.2,0,0.2,0.2,0.2,1,"law","torrance, ca","90503",47559,1,"lawyer or professional surfer",2,4,1,10,NA,NA,NA,1,1,6,5,2,9,9,6,7,6,6,4,4,4,6,6,3,9,9,9,2,1,0.01,13.625,17.5,23.75,17.125,12.375,15.625
68,1,3,1,"Black/African American",27,10,0,0,0.2,0.1,5.5,5.8,7.8,4.9,6,4.7,4.7,3.9,2,0,0.3,0.1,0.2,0,0.2,0.2,0,6,"mfa creative writing","st. louis, mo","63034",53539,6,"novelist",3,6,1,10,NA,NA,NA,1,1,5,4,3,3,2,2,7,8,8,3,3,7,10,7,5,9,7,7,7,1,0.4325,13.625,17.5,23.75,17.125,12.375,15.625
69,1,3,2,"European/Caucasian-American",28,10,2,0.2,0.7,0.2,7.3,7.6,7.9,7.1,7.11111111111111,5.9,7.3,6.4,2,0,0.3,0.1,0.2,0,0.2,0.2,0.3,8,"mba","london, uk","0",NA,7,"banker",4,8,1,10,NA,NA,NA,2,2,6,6,1,10,7,5,5,3,2,1,3,9,8,2,4,7,6,7,2,1,-0.05875,13.625,17.5,23.75,17.125,12.375,15.625
70,1,3,2,"European/Caucasian-American",26,10,1,0.1,0.3,0.1,6,7.44444444444444,8.55555555555556,8,8.44444444444444,6.22222222222222,6.77777777777778,5.44444444444444,2,0,0.3,0.1,0.2,0,0.2,0.2,0.3,8,"mba","boston, ma","53705",32159,7,"investment banking",5,10,1,10,NA,NA,NA,5,1,5,2,1,9,4,9,5,7,5,7,5,5,8,3,7,8,5,8,5,6,0.255,13.625,17.5,23.75,17.125,12.375,15.625
71,1,3,2,"European/Caucasian-American",21,10,3,0.3,0.4,0.5,5,8.22222222222222,7.77777777777778,5.22222222222222,7.33333333333333,5.22222222222222,5.44444444444444,5.33333333333333,2,0,0.3,0.1,0.2,0,0.2,0.2,0.3,1,"law","minnesota","55345",53940,14,"pro beach volleyball",6,12,1,10,NA,NA,NA,6,7,5,6,2,9,10,6,4,3,3,7,6,7,7,8,3,10,6,8,2,1,-0.265,13.625,17.5,23.75,17.125,12.375,15.625
72,1,3,2,"European/Caucasian-American",22,10,0,0,0.2,0.3,6.4,7.4,6.5,5,5.6,4.8,4.6,5.3,2,0,0.3,0.1,0.2,0,0.2,0.2,0.3,5,"engineering","boston, ma","2021",NA,7,"engineer or ibanker or consultant",7,14,1,10,NA,NA,NA,8,1,5,6,1,8,3,7,10,6,6,7,2,9,5,6,7,7,6,8,8,4,0.39625,13.625,17.5,23.75,17.125,12.375,15.625
73,1,3,2,"European/Caucasian-American",22,10,0,0,0.4,0.1,6.11111111111111,7.66666666666667,7.88888888888889,7.55555555555556,8.25,5.44444444444444,5.66666666666667,5.22222222222222,2,0,0.3,0.1,0.2,0,0.2,0.2,0.3,8,"mba","chicago","6883",NA,7,"trading",8,16,1,10,NA,NA,NA,7,3,6,4,2,9,9,7,6,5,4,4,6,6,5,5,5,7,7,6,4,1,-0.28875,13.625,17.5,23.75,17.125,12.375,15.625
74,1,3,2,"European/Caucasian-American",25,10,2,0.2,0.3,0.3,5.3,7.3,7.6,6,7.2,4.9,5.5,5.6,2.1,0,0.3,0.1,0.2,0,0.2,0.2,0.3,5,"electrical engineering","spain","30100",NA,5,"ph.d. electrical engineering",9,18,1,10,NA,NA,NA,3,1,5,7,2,8,3,5,9,10,10,9,6,8,10,2,9,10,8,8,3,5,0.315,13.625,17.5,23.75,17.125,12.375,15.625
75,1,3,6,"Other",24,10,2,0.2,0.2,0.8,5.22222222222222,7.66666666666667,8.11111111111111,5.44444444444444,7.25,4.66666666666667,5.44444444444444,5.55555555555556,2,0,0.3,0.1,0.2,0,0.2,0.2,0.2,1,"law","philadelphia","33511",40753,1,"attorney",10,20,1,10,NA,NA,NA,3,3,6,5,3,8,2,8,7,7,7,7,5,9,8,8,5,7,6,8,5,5,0.24,13.625,17.5,23.75,17.125,12.375,15.625
76,0,4,2,"European/Caucasian-American",34,18,5,0.277777777777778,0.5,0.555555555555556,6.22222222222222,6.94444444444444,7.83333333333333,7.64705882352941,6.53333333333333,6.06666666666667,6.5,5.5,2,0.0555555555555556,0.555555555555556,0.111111111111111,0.222222222222222,0,0.0555555555555556,0,0.555555555555556,6,"classics","ohio","44118",38207,2,"teacher",1,1,2,18,NA,NA,NA,5,7,2,7,2,1,7,6,8,8,8,5,1,7,7,4,8,8,8,7,7,7,0.271111111111111,24.5555555555556,17.0555555555556,22.1666666666667,16.3333333333333,6.88888888888889,12.4444444444444
77,0,4,2,"European/Caucasian-American",22,18,6,0.333333333333333,0.444444444444444,0.555555555555556,6.83333333333333,7.23529411764706,7.27777777777778,6.52941176470588,6.33333333333333,5.78571428571429,6.36111111111111,4.55555555555556,2,0.0555555555555556,0.555555555555556,0.111111111111111,0.222222222222222,0,0.0555555555555556,0,0.555555555555556,11,"social work","minnesota","55446",46166,11,"social worker",2,3,2,18,NA,NA,NA,2,2,1,4,2,7,1,10,9,9,9,8,3,6,6,6,8,8,10,10,7,9,0.254444444444444,24.5555555555556,17.0555555555556,22.1666666666667,16.3333333333333,6.88888888888889,12.4444444444444
78,0,4,3,"Latino/Hispanic American",23,18,3,0.166666666666667,0.277777777777778,0.333333333333333,6.47222222222222,6.88235294117647,6.69444444444444,5.41176470588235,5.25,4.69230769230769,5.69444444444444,3.66666666666667,2,0.0555555555555556,0.555555555555556,0.111111111111111,0.222222222222222,0,0.0555555555555556,0,0.111111111111111,11,"social work","ohio","43229",30973,11,"counseling adolescents",3,5,2,18,NA,NA,NA,1,4,2,7,3,5,1,7,7,9,5,9,1,3,9,3,9,9,9,7,5,10,0.336111111111111,24.5555555555556,17.0555555555556,22.1666666666667,16.3333333333333,6.88888888888889,12.4444444444444
79,0,4,4,"Asian/Pacific Islander/Asian-American",26,18,3,0.166666666666667,0.5,0.277777777777778,5.88888888888889,7.83333333333333,7.77777777777778,6.88235294117647,6.25,6.2,6.72222222222222,4.72222222222222,1.88888888888889,0.0555555555555556,0.555555555555556,0.111111111111111,0.222222222222222,0,0.0555555555555556,0,0.222222222222222,5,"operations research (seas)","india/venezuela","8003",NA,5,"operations research",4,7,2,18,NA,NA,NA,8,8,2,7,1,2,3,2,10,10,10,2,1,7,4,4,9,9,8,8,3,3,0.311666666666667,24.5555555555556,17.0555555555556,22.1666666666667,16.3333333333333,6.88888888888889,12.4444444444444
80,0,4,4,"Asian/Pacific Islander/Asian-American",27,18,3,0.166666666666667,0.277777777777778,0.444444444444444,6.38888888888889,7.94444444444444,7.55555555555556,5.78125,6.73333333333333,4.92857142857143,6,4.41666666666667,1.88235294117647,0.0555555555555556,0.555555555555556,0.111111111111111,0.222222222222222,0,0.0555555555555556,0,0.222222222222222,10,"chemistry","china","411101",NA,2,"industrial scientist",5,9,2,18,NA,NA,NA,3,1,1,5,4,8,3,7,5,5,4,3,1,5,10,9,7,7,7,7,9,2,0.167222222222222,24.5555555555556,17.0555555555556,22.1666666666667,16.3333333333333,6.88888888888889,12.4444444444444
81,0,4,2,"European/Caucasian-American",28,18,3,0.166666666666667,0.777777777777778,0.166666666666667,7.88888888888889,7.27777777777778,7.61111111111111,7,8,6.66666666666667,7.16666666666667,4.88888888888889,2,0.0555555555555556,0.555555555555556,0.111111111111111,0.222222222222222,0,0.0555555555555556,0,0.555555555555556,6,"journalism","texas","76116",28317,6,"journalism",6,11,2,18,NA,NA,NA,6,9,5,5,2,6,2,7,9,9,7,7,1,7,7,7,9,9,7,7,7,4,0.33,24.5555555555556,17.0555555555556,22.1666666666667,16.3333333333333,6.88888888888889,12.4444444444444
82,0,4,6,"Other",25,18,5,0.277777777777778,0.555555555555556,0.388888888888889,6.61111111111111,7.77777777777778,7.22222222222222,6.94117647058824,5.9375,5.3,6.86111111111111,5.69444444444444,2,0.0555555555555556,0.555555555555556,0.111111111111111,0.222222222222222,0,0.0555555555555556,0,0.0555555555555555,9,"elementary/childhood education (ma)","washington state","98579",26645,2,"teaching and then...",7,13,2,18,NA,NA,NA,2,7,1,3,2,5,5,5,8,9,10,9,1,7,8,6,8,8,8,9,6,7,0.333888888888889,24.5555555555556,17.0555555555556,22.1666666666667,16.3333333333333,6.88888888888889,12.4444444444444
83,0,4,3,"Latino/Hispanic American",35,18,2,0.111111111111111,0.722222222222222,0.111111111111111,7.33333333333333,8.05555555555556,7.77777777777778,7.35294117647059,7.0625,6.36666666666667,7.22222222222222,5.70588235294118,2,0.0555555555555556,0.555555555555556,0.111111111111111,0.222222222222222,0,0.0555555555555556,0,0.111111111111111,8,"economics","panama","10019",NA,7,"economic research",8,15,2,18,NA,NA,NA,1,5,2,6,1,5,1,3,5,7,8,3,1,6,8,3,7,8,7,8,4,7,0.372222222222222,24.5555555555556,17.0555555555556,22.1666666666667,16.3333333333333,6.88888888888889,12.4444444444444
84,0,4,3,"Latino/Hispanic American",32,18,2,0.111111111111111,0.5,0.166666666666667,6.77777777777778,7.66666666666667,7.80555555555556,6.91176470588235,6.875,5.8125,6.77777777777778,5,2,0.0555555555555556,0.555555555555556,0.111111111111111,0.222222222222222,0,0.0555555555555556,0,0.111111111111111,10,"microbiology","spain","28035",NA,4,"pharmaceuticals",9,17,2,18,NA,NA,NA,1,1,2,4,1,7,1,9,9,9,9,3,1,9,9,1,9,10,9,9,5,5,0.403333333333333,24.5555555555556,17.0555555555556,22.1666666666667,16.3333333333333,6.88888888888889,12.4444444444444
85,0,4,2,"European/Caucasian-American",30,18,1,0.0555555555555555,0.388888888888889,0.222222222222222,6.38888888888889,7.72222222222222,7.33333333333333,6.35294117647059,6.2,5.92857142857143,6.22222222222222,4.88888888888889,2,0.0555555555555556,0.555555555555556,0.111111111111111,0.222222222222222,0,0.0555555555555556,0,0.555555555555556,11,"masters of social work","arizona","85201",25589,9,"social services/ policy",10,19,2,18,NA,NA,NA,3,5,2,6,4,2,3,4,9,8,6,8,4,7,8,4,6,7,5,8,5,3,0.272222222222222,24.5555555555556,17.0555555555556,22.1666666666667,16.3333333333333,6.88888888888889,12.4444444444444
86,0,4,2,"European/Caucasian-American",22,18,8,0.444444444444444,0.777777777777778,0.555555555555556,7.33333333333333,7.88888888888889,8,7.66666666666667,7.26666666666667,6.38888888888889,7.44444444444444,5.77777777777778,2,0.0555555555555556,0.555555555555556,0.111111111111111,0.222222222222222,0,0.0555555555555556,0,0.555555555555556,3,"communications","minneapolis, mn","55424",55223,2,"professor of media studies",11,21,2,18,NA,NA,NA,1,1,2,7,1,2,2,1,4,7,7,2,1,6,4,7,5,10,10,10,2,2,0.235555555555556,24.5555555555556,17.0555555555556,22.1666666666667,16.3333333333333,6.88888888888889,12.4444444444444
87,0,4,2,"European/Caucasian-American",23,18,2,0.111111111111111,0.555555555555556,0.111111111111111,7.5,7.16666666666667,7.11111111111111,6.94117647058824,6.46666666666667,5.60714285714286,6.66666666666667,4.94444444444444,2,0.0555555555555556,0.555555555555556,0.111111111111111,0.222222222222222,0,0.0555555555555556,0,0.555555555555556,11,"social work","nj","7746",NA,9,"social worker",12,23,2,18,NA,NA,NA,8,10,1,3,2,10,5,10,8,7,7,8,4,9,9,6,7,10,9,10,7,9,0.377222222222222,24.5555555555556,17.0555555555556,22.1666666666667,16.3333333333333,6.88888888888889,12.4444444444444
88,0,4,2,"European/Caucasian-American",23,18,0,0,0.333333333333333,0.0555555555555555,7,7.61111111111111,7.27777777777778,6.88888888888889,6.53333333333333,6.3125,6.5,5.11764705882353,1.94444444444444,0.0555555555555556,0.555555555555556,0.111111111111111,0.222222222222222,0,0.0555555555555556,0,0.555555555555556,11,"social work","ny","10514",109031,9,"clinical social worker",13,25,2,18,NA,NA,NA,8,7,1,4,4,8,7,10,7,7,7,8,6,6,10,8,9,10,8,10,9,3,0.252777777777778,24.5555555555556,17.0555555555556,22.1666666666667,16.3333333333333,6.88888888888889,12.4444444444444
89,0,4,2,"European/Caucasian-American",27,18,2,0.111111111111111,0.444444444444444,0.166666666666667,6.94444444444444,7.38888888888889,7.61111111111111,6,7.35294117647059,4.66666666666667,6.38888888888889,5.05555555555556,1.83333333333333,0.0555555555555556,0.555555555555556,0.111111111111111,0.222222222222222,0,0.0555555555555556,0,0.555555555555556,8,"marketing","israel","62150",NA,2,"academic",14,27,2,18,NA,NA,NA,3,2,1,7,3,2,2,2,10,8,8,7,8,9,8,1,9,8,8,9,4,2,0.192777777777778,24.5555555555556,17.0555555555556,22.1666666666667,16.3333333333333,6.88888888888889,12.4444444444444
90,0,4,4,"Asian/Pacific Islander/Asian-American",23,18,1,0.0555555555555555,0.166666666666667,0.5,5.88888888888889,8,7.72222222222222,4.82352941176471,6.0625,4.06666666666667,5.44444444444444,4.16666666666667,1.94117647058824,0.0555555555555556,0.555555555555556,0.111111111111111,0.222222222222222,0,0.0555555555555556,0,0.222222222222222,10,"chemistry","p. r. china","300151",NA,10,"i don't know",15,29,2,18,NA,NA,NA,4,1,2,7,7,8,9,6,5,8,9,6,3,1,10,6,7,8,7,6,4,1,0.27,24.5555555555556,17.0555555555556,22.1666666666667,16.3333333333333,6.88888888888889,12.4444444444444
91,0,4,6,"Other",25,18,8,0.444444444444444,0.888888888888889,0.5,8.38888888888889,8,8.22222222222222,7.76470588235294,8.1875,6.73333333333333,7.94444444444444,6,1.88888888888889,0.0555555555555556,0.555555555555556,0.111111111111111,0.222222222222222,0,0.0555555555555556,0,0.0555555555555555,1,"law","california","48895",40409,1,"lawyer",16,31,2,18,NA,NA,NA,6,8,1,3,2,4,2,5,7,7,5,7,3,5,7,7,10,8,8,7,6,2,0.227222222222222,24.5555555555556,17.0555555555556,22.1666666666667,16.3333333333333,6.88888888888889,12.4444444444444
92,0,4,2,"European/Caucasian-American",29,18,7,0.388888888888889,0.611111111111111,0.444444444444444,7.88888888888889,7.76470588235294,7.38888888888889,6.1764705882353,6.66666666666667,5.73333333333333,6.55555555555556,4.66666666666667,2,0.0555555555555556,0.555555555555556,0.111111111111111,0.222222222222222,0,0.0555555555555556,0,0.555555555555556,9,"international educational development","san francisco","94108",21597,7,"microfinancing program manager",17,33,2,18,NA,NA,NA,1,2,5,6,1,7,2,8,10,9,9,9,2,9,10,4,10,10,8,10,6,9,0.412222222222222,24.5555555555556,17.0555555555556,22.1666666666667,16.3333333333333,6.88888888888889,12.4444444444444
93,0,4,2,"European/Caucasian-American",29,18,4,0.222222222222222,0.777777777777778,0.388888888888889,7.13888888888889,7.97222222222222,8,7.5,6.9,6.3125,7.27777777777778,5.52777777777778,2,0.0555555555555556,0.555555555555556,0.111111111111111,0.222222222222222,0,0.0555555555555556,0,0.555555555555556,5,"education administration","england","0",NA,2,"education administration",18,35,2,18,NA,NA,NA,2,2,1,5,1,3,2,6,10,7,6,8,7,8,7,5,8,8,6,5,7,6,0.0833333333333333,24.5555555555556,17.0555555555556,22.1666666666667,16.3333333333333,6.88888888888889,12.4444444444444
94,1,4,4,"Asian/Pacific Islander/Asian-American",28,18,3,0.166666666666667,0.166666666666667,0.444444444444444,3.66666666666667,5.35294117647059,6.88888888888889,5.72222222222222,7.52941176470588,4.6,4.61111111111111,4,2,0,0.555555555555556,0.166666666666667,0.166666666666667,0,0.111111111111111,0,0.166666666666667,8,"business (mba)","bangladesh","0",NA,7,"marketing",1,2,2,18,NA,NA,NA,6,8,2,6,3,7,2,8,8,5,4,4,3,3,9,5,7,9,6,7,4,5,0.468888888888889,14.9444444444444,18.9444444444444,22,16.8888888888889,13.9444444444444,13.2777777777778
95,1,4,2,"European/Caucasian-American",26,18,1,0.0555555555555555,0.111111111111111,0.388888888888889,4.66666666666667,6.88888888888889,7,5.38888888888889,6.72222222222222,5.0625,5.16666666666667,5.27777777777778,2,0,0.555555555555556,0.166666666666667,0.166666666666667,0,0.111111111111111,0,0.555555555555556,8,"business","long island","11753",76624,7,"business - investment management",2,4,2,18,NA,NA,NA,7,5,1,5,2,10,10,6,6,4,3,1,6,4,7,9,5,10,8,10,3,3,-0.0666666666666667,14.9444444444444,18.9444444444444,22,16.8888888888889,13.9444444444444,13.2777777777778
96,1,4,3,"Latino/Hispanic American",26,18,0,0,0,0.555555555555556,4.38888888888889,7.16666666666667,7.38888888888889,5.11111111111111,7,4.75,5.22222222222222,4.22222222222222,1.94444444444444,0,0.555555555555556,0.166666666666667,0.166666666666667,0,0.111111111111111,0,0.166666666666667,5,"computer science","argentina","10027",NA,2,"academic or research staff",3,6,2,18,NA,NA,NA,3,6,1,7,1,5,8,7,10,10,8,10,6,8,8,3,8,9,8,7,7,3,0.354444444444444,14.9444444444444,18.9444444444444,22,16.8888888888889,13.9444444444444,13.2777777777778
97,1,4,2,"European/Caucasian-American",29,18,5,0.277777777777778,0.555555555555556,0.5,7.16666666666667,7.05555555555556,8.11111111111111,7.05882352941176,7.35714285714286,5.8,6.22222222222222,5,2,0,0.555555555555556,0.166666666666667,0.166666666666667,0,0.111111111111111,0,0.555555555555556,10,"climate-earth and environ. science","brooklyn, ny","11215",35968,2,"professor",4,8,2,18,NA,NA,NA,4,1,2,5,2,6,8,8,3,3,3,6,1,5,8,3,2,7,3,7,3,5,0.06,14.9444444444444,18.9444444444444,22,16.8888888888889,13.9444444444444,13.2777777777778
98,1,4,2,"European/Caucasian-American",39,18,2,0.111111111111111,0.111111111111111,1,5.61111111111111,7.66666666666667,6.94444444444444,4.11111111111111,6.05882352941176,4.35294117647059,5.5,4.05555555555556,2,0,0.555555555555556,0.166666666666667,0.166666666666667,0,0.111111111111111,0,0.555555555555556,11,"social work","cincinnati, ohio","45242",51725,2,"university professor",5,10,2,18,NA,NA,NA,1,1,4,4,2,8,8,8,7,3,3,5,1,7,7,3,7,8,6,8,2,7,0.228888888888889,14.9444444444444,18.9444444444444,22,16.8888888888889,13.9444444444444,13.2777777777778
99,1,4,2,"European/Caucasian-American",28,18,8,0.444444444444444,0.944444444444444,0.5,7.83333333333333,7.66666666666667,7.88888888888889,7.5,7.64705882352941,7.3125,7.5,5.64705882352941,1.94444444444444,0,0.555555555555556,0.166666666666667,0.166666666666667,0,0.111111111111111,0,0.555555555555556,1,"law","new york","10022",55419,1,"lawyer",6,12,2,18,NA,NA,NA,1,1,3,3,2,5,5,5,8,10,10,5,5,9,6,6,10,10,10,10,8,5,0.516666666666667,14.9444444444444,18.9444444444444,22,16.8888888888889,13.9444444444444,13.2777777777778
100,1,4,6,"Other",30,18,2,0.111111111111111,0.277777777777778,0.333333333333333,4.55555555555556,7.94444444444444,8,5.8235294117647,7.6,5.64285714285714,5.80555555555556,5.33333333333333,2,0,0.555555555555556,0.166666666666667,0.166666666666667,0,0.111111111111111,0,0.111111111111111,8,"business","israel","92425",NA,2,"professor",7,14,2,18,NA,NA,NA,8,9,1,3,2,5,4,6,7,6,6,2,2,4,6,5,7,7,3,7,6,2,0.436666666666667,14.9444444444444,18.9444444444444,22,16.8888888888889,13.9444444444444,13.2777777777778
101,1,4,4,"Asian/Pacific Islander/Asian-American",22,18,0,0,0,0.722222222222222,4,7.61111111111111,7.66666666666667,4.58823529411765,7,4.29411764705882,4.75,4.77777777777778,2,0,0.555555555555556,0.166666666666667,0.166666666666667,0,0.111111111111111,0,0.166666666666667,8,"financial math","india","110015",NA,7,"finance",8,16,2,18,NA,NA,NA,3,2,3,4,3,9,9,7,9,9,9,8,8,9,8,7,9,8,7,8,8,4,0.0122222222222222,14.9444444444444,18.9444444444444,22,16.8888888888889,13.9444444444444,13.2777777777778
102,1,4,2,"European/Caucasian-American",32,18,1,0.0555555555555555,0.111111111111111,0.611111111111111,4.11111111111111,7.1764705882353,7.27777777777778,4.76470588235294,6.25,4.27777777777778,4.97222222222222,4.5,1.94444444444444,0,0.555555555555556,0.166666666666667,0.166666666666667,0,0.111111111111111,0,0.555555555555556,10,"chemistry","canada","0",NA,2,"research scientist",9,18,2,18,NA,NA,NA,2,6,1,4,4,9,9,9,9,4,4,7,2,5,5,4,4,9,3,5,5,2,-0.00166666666666667,14.9444444444444,18.9444444444444,22,16.8888888888889,13.9444444444444,13.2777777777778
103,1,4,2,"European/Caucasian-American",26,18,1,0.0555555555555555,0.277777777777778,0.277777777777778,6.22222222222222,7.1764705882353,6.94444444444444,6.4375,7.1764705882353,5.13333333333333,5.66666666666667,4.77777777777778,2,0,0.555555555555556,0.166666666666667,0.166666666666667,0,0.111111111111111,0,0.555555555555556,8,"business- mba","chicago","60089",55550,7,"business",10,20,2,18,NA,NA,NA,8,9,2,4,1,8,7,8,8,6,4,8,5,8,8,8,5,8,8,8,6,3,0.116666666666667,14.9444444444444,18.9444444444444,22,16.8888888888889,13.9444444444444,13.2777777777778
104,1,4,2,"European/Caucasian-American",27,18,5,0.277777777777778,0.5,0.444444444444444,6.94117647058824,6.88888888888889,7.44444444444444,6.88888888888889,7,5.8125,6.16666666666667,4.27777777777778,2.05555555555556,0,0.555555555555556,0.166666666666667,0.166666666666667,0,0.111111111111111,0,0.555555555555556,10,"chemistry","colorado","80110",26682,2,"research in industry or academia",11,22,2,18,NA,NA,NA,6,8,2,5,3,8,3,8,9,8,8,9,5,8,7,3,8,7,6,8,3,7,0.417222222222222,14.9444444444444,18.9444444444444,22,16.8888888888889,13.9444444444444,13.2777777777778
105,1,4,1,"Black/African American",25,18,8,0.444444444444444,0.555555555555556,0.833333333333333,6.27777777777778,7.88888888888889,8.16666666666667,8.05555555555556,7.64705882352941,6.58823529411765,6.47058823529412,5.38888888888889,2,0,0.555555555555556,0.166666666666667,0.166666666666667,0,0.111111111111111,0,0,1,"law","texas","78759",41547,1,"law",12,24,2,18,NA,NA,NA,1,1,2,7,1,9,9,6,8,5,5,3,4,7,8,6,6,7,4,7,5,5,-0.0138888888888889,14.9444444444444,18.9444444444444,22,16.8888888888889,13.9444444444444,13.2777777777778
106,1,4,3,"Latino/Hispanic American",22,18,2,0.111111111111111,0.277777777777778,0.5,5.11111111111111,7.66666666666667,7.72222222222222,6.64705882352941,6.94117647058824,5,6.22222222222222,4.66666666666667,2,0,0.555555555555556,0.166666666666667,0.166666666666667,0,0.111111111111111,0,0.166666666666667,1,"law","texas","76513",23361,1,"law",13,26,2,18,NA,NA,NA,1,3,5,7,3,2,4,2,9,6,5,4,9,2,9,8,7,9,2,8,5,3,0.131111111111111,14.9444444444444,18.9444444444444,22,16.8888888888889,13.9444444444444,13.2777777777778
107,1,4,2,"European/Caucasian-American",21,18,11,0.611111111111111,0.666666666666667,0.777777777777778,6.88888888888889,8.05555555555556,8,8.11111111111111,7.4375,7.1764705882353,7.5,5.72222222222222,2,0,0.555555555555556,0.166666666666667,0.166666666666667,0,0.111111111111111,0,0.555555555555556,7,"religion","ann arbor, mi","48331",74893,2,"teacher/professor",14,28,2,18,NA,NA,NA,1,1,1,4,1,7,2,4,7,6,7,8,1,7,7,1,5,7,9,9,1,10,0.506666666666667,14.9444444444444,18.9444444444444,22,16.8888888888889,13.9444444444444,13.2777777777778
108,1,4,2,"European/Caucasian-American",24,18,4,0.222222222222222,0.555555555555556,0.388888888888889,7.16666666666667,7,7.5,6.77777777777778,6.94444444444444,6.11111111111111,6.66666666666667,5.61111111111111,1.94444444444444,0,0.555555555555556,0.166666666666667,0.166666666666667,0,0.111111111111111,0,0.555555555555556,5,"electrical engineering","spain","0",NA,5,"engineering",15,30,2,18,NA,NA,NA,1,1,1,6,3,7,3,4,5,6,7,3,2,5,7,3,7,7,4,6,2,2,0.477222222222222,14.9444444444444,18.9444444444444,22,16.8888888888889,13.9444444444444,13.2777777777778
109,1,4,4,"Asian/Pacific Islander/Asian-American",25,18,8,0.444444444444444,0.444444444444444,0.888888888888889,5.83333333333333,7.55555555555556,7.94444444444444,7.22222222222222,7.27777777777778,6.4375,6.88888888888889,5.11111111111111,2,0,0.555555555555556,0.166666666666667,0.166666666666667,0,0.111111111111111,0,0.166666666666667,14,"film","hong kong","19454",NA,6,"film",16,32,2,18,NA,NA,NA,1,1,1,4,1,2,1,2,10,10,10,1,2,2,10,5,7,10,10,10,5,3,0.559444444444444,14.9444444444444,18.9444444444444,22,16.8888888888889,13.9444444444444,13.2777777777778
110,1,4,2,"European/Caucasian-American",28,18,4,0.222222222222222,0.277777777777778,0.333333333333333,5.5,6.41176470588235,7.05555555555556,6.83333333333333,7.23529411764706,5.9375,5.83333333333333,4.44444444444444,2,0,0.555555555555556,0.166666666666667,0.166666666666667,0,0.111111111111111,0,0.555555555555556,14,"film","ann arbor","48334",52804,6,"writer",17,34,2,18,NA,NA,NA,4,6,2,6,1,4,3,8,7,7,9,8,2,3,7,5,7,9,7,8,3,6,0.558888888888889,14.9444444444444,18.9444444444444,22,16.8888888888889,13.9444444444444,13.2777777777778
111,1,4,4,"Asian/Pacific Islander/Asian-American",27,18,0,0,0.111111111111111,0,4.77777777777778,7.22222222222222,7.5,6.5,7.11764705882353,5.5,5.83333333333333,5.16666666666667,2,0,0.555555555555556,0.166666666666667,0.166666666666667,0,0.111111111111111,0,0.166666666666667,8,"business","philippines","1114",NA,7,"consulting",18,36,2,18,NA,NA,NA,7,1,5,5,1,9,9,7,9,10,9,9,1,5,9,5,8,9,8,5,3,5,0.340555555555556,14.9444444444444,18.9444444444444,22,16.8888888888889,13.9444444444444,13.2777777777778
112,0,5,6,"Other",20,10,6,0.6,0.8,0.7,7.9,7.3,7.5,7,6.2,6.4,7.4,5.9,1.9,0,0.5,0,0.4,0,0.1,0,0.1,3,"sociology","new jersey","7605",NA,11,"social work",1,1,1,10,NA,NA,NA,1,1,1,3,1,8,3,8,5,7,8,8,8,9,9,3,8,8,9,10,4,6,0.129,38.5,17,16,15,7.75,11
113,0,5,2,"European/Caucasian-American",21,10,3,0.3,0.4,0.6,6.4,6.7,7,6.6,6,6.1,6.5,5,1.8,0,0.5,0,0.4,0,0.1,0,0.5,8,"economics","milwaukee, wisconsin","53217",53923,10,"what a question!",2,3,1,10,NA,NA,NA,3,8,1,4,1,5,3,7,10,9,8,7,2,6,8,7,10,10,9,10,10,7,0.22,38.5,17,16,15,7.75,11
114,0,5,1,"Black/African American",20,10,1,0.1,0.2,0.4,5,6.8,7.1,5.5,6.11111111111111,5.11111111111111,5.5,4.22222222222222,1.8,0,0.5,0,0.4,0,0.1,0,0,8,"economics, english","new york",NA,NA,NA,NA,3,5,1,10,NA,NA,NA,2,4,2,7,4,6,8,3,4,4,3,5,2,6,8,7,6,7,6,9,2,2,0.179,38.5,17,16,15,7.75,11
115,0,5,2,"European/Caucasian-American",21,10,3,0.3,0.5,0.3,7.22222222222222,6.33333333333333,6.55555555555556,7.22222222222222,6.44444444444444,6.88888888888889,7,5.77777777777778,1.55555555555556,0,0.5,0,0.4,0,0.1,0,0.5,3,"psychology","brooklyn ny","11214",27094,3,"psychologist",4,7,1,10,NA,NA,NA,10,7,1,5,1,2,2,8,7,3,3,1,1,8,10,2,2,6,4,7,8,1,0.273,38.5,17,16,15,7.75,11
116,0,5,2,"European/Caucasian-American",21,10,4,0.4,0.6,0.6,6.7,6.77777777777778,6.5,6.3,6.3,6.2,6.5,6.11111111111111,1.7,0,0.5,0,0.4,0,0.1,0,0.5,13,"political science","france","38330",NA,10,"if only i knew",5,9,1,10,NA,NA,NA,4,1,1,1,1,5,4,3,10,10,10,6,4,8,10,10,10,10,10,10,10,8,0.078,38.5,17,16,15,7.75,11
117,0,5,2,"European/Caucasian-American",21,10,1,0.1,0.5,0.2,7.77777777777778,7.22222222222222,7.44444444444444,7.44444444444444,7.44444444444444,7,7.66666666666667,5.66666666666667,1.77777777777778,0,0.5,0,0.4,0,0.1,0,0.5,8,"economics, sociology","long island, ny","11021",57213,7,"marketing, advertising",6,11,1,10,NA,NA,NA,8,10,1,3,1,6,8,6,9,8,6,3,5,8,8,5,6,5,6,5,9,3,0.068,38.5,17,16,15,7.75,11
119,0,5,3,"Latino/Hispanic American",19,10,5,0.5,0.8,0.6,7.9,7.6,7,6.8,6.7,5.88888888888889,7.4,5.6,2,0,0.5,0,0.4,0,0.1,0,0,16,"polish","puerto rico","901",NA,1,"lawyer/gov.position",10,17,1,10,NA,NA,NA,5,2,1,3,1,8,5,8,9,9,9,5,8,10,9,5,10,9,10,10,7,8,0.209,38.5,17,16,15,7.75,11
120,0,5,3,"Latino/Hispanic American",20,10,4,0.4,0.7,0.4,7.8,6.6,7.5,7.3,6.9,6.2,7.2,7.1,1.9,0,0.5,0,0.4,0,0.1,0,0,6,"english","long island, ny","11778",42390,6,"writer",11,19,1,10,NA,NA,NA,1,4,5,4,3,5,4,4,8,7,5,3,1,5,10,6,10,9,6,8,3,5,0.226,38.5,17,16,15,7.75,11
121,0,5,2,"European/Caucasian-American",21,10,0,0,0.2,0.7,4.8,6.5,7.2,4.8,5.4,4,4.5,5.77777777777778,2,0,0.5,0,0.4,0,0.1,0,0.5,3,"psychology and english","memphis, tn","38119",43636,2,"no idea, maybe a professor",12,20,1,10,NA,NA,NA,8,1,5,7,1,2,2,6,10,6,10,6,4,7,7,8,10,10,10,10,10,4,0.135,38.5,17,16,15,7.75,11
122,1,5,6,"Other",22,10,3,0.3,0.7,0.4,7.77777777777778,8.77777777777778,8.22222222222222,8.44444444444444,7.33333333333333,7.5,7.77777777777778,4.77777777777778,1.55555555555556,0.1,0.5,0.2,0,0,0.1,0.1,0.1,1,"law","long island","11793",57887,1,"lawyer",1,2,1,10,NA,NA,NA,1,1,1,3,1,7,9,7,9,7,6,5,6,6,6,8,7,8,8,8,5,4,0.08,22.2222222222222,13.8888888888889,21.1111111111111,23.3333333333333,13.6666666666667,5.77777777777778
123,1,5,4,"Asian/Pacific Islander/Asian-American",18,10,0,0,0.4,0.1,6.375,8.66666666666667,7.22222222222222,5.77777777777778,6.88888888888889,4.33333333333333,5.88888888888889,5.44444444444444,1.875,0.1,0.5,0.2,0,0,0.1,0.1,0,5,"biomedical engineering","louisiana","70605",30768,4,"cardiologist",2,4,1,10,NA,NA,NA,3,5,2,5,1,9,9,8,8,3,2,5,5,6,2,7,2,7,7,7,7,5,-0.196,22.2222222222222,13.8888888888889,21.1111111111111,23.3333333333333,13.6666666666667,5.77777777777778
124,1,5,4,"Asian/Pacific Islander/Asian-American",22,10,0,0,0,0.9,3.77777777777778,5.66666666666667,6.88888888888889,2.625,8.44444444444444,1.375,2.33333333333333,5,1.875,0.1,0.5,0.2,0,0,0.1,0.1,0,8,"economics and political science","maryland","20815",66699,1,"law or finance",3,6,1,10,NA,NA,NA,1,1,2,4,1,5,5,8,10,8,8,6,5,8,8,6,9,9,9,8,8,7,0.477,22.2222222222222,13.8888888888889,21.1111111111111,23.3333333333333,13.6666666666667,5.77777777777778
125,1,5,2,"European/Caucasian-American",21,10,7,0.7,0.8,0.7,8,8.33333333333333,8.55555555555556,8.44444444444444,8.22222222222222,6.77777777777778,8,6.22222222222222,1.375,0.1,0.5,0.2,0,0,0.1,0.1,0.5,4,"art history/medicine","staten island","10306",45360,4,"pediatrics",4,8,1,10,NA,NA,NA,3,1,1,3,1,3,1,9,10,9,10,1,1,10,9,2,9,9,9,9,10,7,0.497,22.2222222222222,13.8888888888889,21.1111111111111,23.3333333333333,13.6666666666667,5.77777777777778
126,1,5,2,"European/Caucasian-American",22,10,2,0.2,0.3,0.4,6.11111111111111,8,8.55555555555556,6.77777777777778,7.88888888888889,6.375,7,5.66666666666667,1.75,0.1,0.5,0.2,0,0,0.1,0.1,0.5,7,"philosophy","new york, ny","10021",55080,4,"medicine",5,10,1,10,NA,NA,NA,7,5,4,6,3,10,8,7,8,8,7,5,2,7,10,5,8,8,9,10,6,7,0.368,22.2222222222222,13.8888888888889,21.1111111111111,23.3333333333333,13.6666666666667,5.77777777777778
127,1,5,2,"European/Caucasian-American",22,10,4,0.4,0.5,0.6,7.33333333333333,5.88888888888889,6.11111111111111,6.11111111111111,6.11111111111111,5.11111111111111,5.66666666666667,5.33333333333333,1.77777777777778,0.1,0.5,0.2,0,0,0.1,0.1,0.5,5,"mechanical engineering","massachusetts","1720",NA,6,"porn star",6,12,1,10,NA,NA,NA,1,1,6,5,1,10,8,8,8,5,3,5,5,6,1,7,1,5,8,7,5,10,-0.156,22.2222222222222,13.8888888888889,21.1111111111111,23.3333333333333,13.6666666666667,5.77777777777778
128,1,5,2,"European/Caucasian-American",21,10,6,0.6,0.7,0.9,7.55555555555556,8.44444444444444,8.125,6.875,6.625,5,7.22222222222222,5.55555555555556,2,0.1,0.5,0.2,0,0,0.1,0.1,0.5,5,"engineering","connecticut","6880",NA,5,"mechanical engineering",7,14,1,10,NA,NA,NA,3,1,1,3,2,8,7,7,6,4,4,8,7,3,5,3,4,8,10,10,2,2,-0.035,22.2222222222222,13.8888888888889,21.1111111111111,23.3333333333333,13.6666666666667,5.77777777777778
129,1,5,2,"European/Caucasian-American",NA,10,3,0.3,0.3,0.8,6.22222222222222,7.88888888888889,6.22222222222222,6.625,6.44444444444444,5.33333333333333,6.44444444444444,6.11111111111111,2,0.1,0.5,0.2,0,0,0.1,0.1,0.5,8,"economics","new jersey","7936",NA,7,"entrepeneur",8,15,1,10,NA,NA,NA,1,1,3,3,3,7,4,7,9,4,5,9,2,6,9,4,4,7,6,6,4,6,0.205,22.2222222222222,13.8888888888889,21.1111111111111,23.3333333333333,13.6666666666667,5.77777777777778
130,1,5,4,"Asian/Pacific Islander/Asian-American",20,10,2,0.2,0.7,0.2,7.33333333333333,8.77777777777778,7.66666666666667,6.55555555555556,6.77777777777778,4.875,7.22222222222222,5.22222222222222,2,0.1,0.5,0.2,0,0,0.1,0.1,0,5,"engineering","india, holland",NA,NA,10,"don't know",9,16,1,10,NA,NA,NA,4,1,1,6,2,7,4,9,8,3,2,7,5,7,6,2,1,2,2,9,6,2,-0.065,22.2222222222222,13.8888888888889,21.1111111111111,23.3333333333333,13.6666666666667,5.77777777777778
131,1,5,4,"Asian/Pacific Islander/Asian-American",19,10,0,0,0.1,0,4.42857142857143,7.85714285714286,6.71428571428571,4,6.33333333333333,1.42857142857143,4.57142857142857,5,2,0.1,0.5,0.2,0,0,0.1,0.1,0,5,"computer science","new york","10002",17378,10,"not sure",10,18,1,10,NA,NA,NA,4,1,2,7,3,5,1,5,5,5,5,3,6,4,8,7,6,8,7,6,5,3,0.3,22.2222222222222,13.8888888888889,21.1111111111111,23.3333333333333,13.6666666666667,5.77777777777778
234,0,10,6,"Other",22,9,0,0,0.444444444444444,0.333333333333333,5.88888888888889,7.88888888888889,7.11111111111111,6.75,7.28571428571429,4.66666666666667,6.22222222222222,5,2,0,0.444444444444444,0,0.111111111111111,0,0.444444444444444,0,0.444444444444444,3,"sociology and education","virginia","23060",44346,2,"educational policy",1,1,1,9,"george mason university",1070,12696,1,5,3,7,3,5,3,10,10,9,5,2,1,4,9,5,6,5,5,9,7,4,0.25,22.1111111111111,19.5555555555556,18.2222222222222,17.1111111111111,9.33333333333333,13.6666666666667
235,0,10,2,"European/Caucasian-American",23,9,2,0.222222222222222,0.888888888888889,0.222222222222222,7.88888888888889,7.55555555555556,7,7.44444444444444,5.85714285714286,4.85714285714286,7.22222222222222,6.11111111111111,2,0,0.444444444444444,0,0.111111111111111,0,0.444444444444444,0,0.444444444444444,9,"elementary education","boston, ma","1890",NA,2,"elementary school teacher",2,3,1,9,"holy cross",1258,25020,3,1,1,4,3,1,3,3,10,9,10,2,1,7,7,1,9,9,6,10,10,7,0.187777777777778,22.1111111111111,19.5555555555556,18.2222222222222,17.1111111111111,9.33333333333333,13.6666666666667
236,0,10,4,"Asian/Pacific Islander/Asian-American",24,9,0,0,0.111111111111111,0.444444444444444,5.55555555555556,6.88888888888889,7.25,4.11111111111111,5.85714285714286,3.71428571428571,5,4.11111111111111,2,0,0.444444444444444,0,0.111111111111111,0,0.444444444444444,0,0.111111111111111,10,"biology","indiana","46815",42225,2,"research/teaching",3,5,1,9,"university of pennsylvania",1400,26630,3,3,2,7,1,9,6,3,7,9,9,7,1,8,7,5,4,7,4,10,4,2,0.184444444444444,22.1111111111111,19.5555555555556,18.2222222222222,17.1111111111111,9.33333333333333,13.6666666666667
237,0,10,2,"European/Caucasian-American",34,9,1,0.111111111111111,0.333333333333333,0.444444444444444,5.33333333333333,7.66666666666667,7.44444444444444,5.88888888888889,6.16666666666667,4,5.22222222222222,5.66666666666667,2,0,0.444444444444444,0,0.111111111111111,0,0.444444444444444,0,0.444444444444444,7,"american studies","los angeles","91206",37405,6,"writing",4,7,1,9,"ucla",1290,15309,10,1,3,7,4,1,1,10,7,8,9,9,1,1,10,6,8,6,2,9,2,10,0.303333333333333,22.1111111111111,19.5555555555556,18.2222222222222,17.1111111111111,9.33333333333333,13.6666666666667
238,0,10,2,"European/Caucasian-American",27,9,2,0.222222222222222,0.555555555555556,0.555555555555556,6.66666666666667,7.55555555555556,7.11111111111111,6.75,7.125,5.875,6.77777777777778,5.66666666666667,1.88888888888889,0,0.444444444444444,0,0.111111111111111,0,0.444444444444444,0,0.444444444444444,15,"arts administration","wisconsin","54449",28524,6,"manage a museum or art gallery",5,9,1,9,"swarthmore college",1460,26376,3,5,1,2,1,8,5,8,8,10,10,8,2,8,7,5,9,9,10,10,7,6,0.246666666666667,22.1111111111111,19.5555555555556,18.2222222222222,17.1111111111111,9.33333333333333,13.6666666666667
239,0,10,2,"European/Caucasian-American",34,9,1,0.111111111111111,0.333333333333333,0.444444444444444,5.77777777777778,7.55555555555556,7.22222222222222,5.33333333333333,5.5,4.71428571428571,5.88888888888889,5.375,2,0,0.444444444444444,0,0.111111111111111,0,0.444444444444444,0,0.444444444444444,10,"conservation biology","born in montana, raised in south jersey (nr. philadelphia)","8028",NA,7,"conservation training and education",6,11,1,9,"columbia college",1430,26908,6,6,2,6,3,3,3,5,8,8,7,8,1,6,9,6,8,8,6,7,1,8,0.384444444444444,22.1111111111111,19.5555555555556,18.2222222222222,17.1111111111111,9.33333333333333,13.6666666666667
240,0,10,4,"Asian/Pacific Islander/Asian-American",26,9,1,0.111111111111111,0.666666666666667,0.333333333333333,6.77777777777778,7.11111111111111,7,8,7.33333333333333,5.28571428571429,6.66666666666667,6,2,0,0.444444444444444,0,0.111111111111111,0,0.444444444444444,0,0.111111111111111,8,"mba","new york","10598",61141,6,"entertainment/media",7,13,1,9,"suny binghamton",1215,9451,1,1,1,6,3,10,10,9,10,10,8,9,14,9,10,10,10,10,10,10,10,3,-0.06,22.1111111111111,19.5555555555556,18.2222222222222,17.1111111111111,9.33333333333333,13.6666666666667
241,0,10,4,"Asian/Pacific Islander/Asian-American",29,9,3,0.333333333333333,0.888888888888889,0.333333333333333,6.66666666666667,7.66666666666667,6.88888888888889,7.44444444444444,7.14285714285714,5.85714285714286,6.88888888888889,6,2,0,0.444444444444444,0,0.111111111111111,0,0.444444444444444,0,0.111111111111111,8,"business","new york","10454",8607,7,"president",8,15,1,9,"barnard college",1330,24036,1,1,2,4,2,8,1,5,7,7,7,4,1,3,4,1,3,4,6,7,6,3,0.191111111111111,22.1111111111111,19.5555555555556,18.2222222222222,17.1111111111111,9.33333333333333,13.6666666666667
242,0,10,3,"Latino/Hispanic American",26,9,5,0.555555555555556,0.777777777777778,0.666666666666667,8,7.33333333333333,7.44444444444444,7.11111111111111,5.88888888888889,6,7.22222222222222,5.44444444444444,2,0,0.444444444444444,0,0.111111111111111,0,0.444444444444444,0,0,3,"sociology","uruguay","12000",NA,2,"researcher in sociology",9,17,1,9,"school of social sciences in uruguay",NA,NA,3,3,3,7,3,6,5,5,8,10,10,9,4,9,10,1,9,10,10,10,1,8,0.343333333333333,22.1111111111111,19.5555555555556,18.2222222222222,17.1111111111111,9.33333333333333,13.6666666666667
243,1,10,2,"European/Caucasian-American",27,9,3,0.333333333333333,0.777777777777778,0.555555555555556,5.66666666666667,6.55555555555556,7.44444444444444,5.66666666666667,5.44444444444444,5.22222222222222,6,4.375,2,0,0.444444444444444,0.111111111111111,0.333333333333333,0,0.111111111111111,0,0.444444444444444,16,"japanese literature","portland, oregon",NA,NA,2,"professor",1,2,1,9,"yale university",1450,26100,2,3,2,6,2,7,2,7,9,5,8,5,7,3,9,5,5,9,8,8,6,2,0.296666666666667,22.7777777777778,19.1111111111111,19.1111111111111,15.2222222222222,11.3333333333333,12.4444444444444
244,1,10,2,"European/Caucasian-American",28,9,1,0.111111111111111,0.666666666666667,0.333333333333333,6.33333333333333,7.22222222222222,7,6.66666666666667,7.77777777777778,6.11111111111111,6.66666666666667,5.33333333333333,2,0,0.444444444444444,0.111111111111111,0.333333333333333,0,0.111111111111111,0,0.444444444444444,8,"mba","seattle",NA,NA,7,"management consultant",2,4,1,9,"university of washington",1155,13258,8,9,2,5,3,5,2,10,8,6,4,9,1,3,13,9,8,9,3,4,3,1,0.221111111111111,22.7777777777778,19.1111111111111,19.1111111111111,15.2222222222222,11.3333333333333,12.4444444444444
245,1,10,2,"European/Caucasian-American",32,9,1,0.111111111111111,0.333333333333333,0.555555555555556,4.77777777777778,6.33333333333333,8.55555555555556,5.77777777777778,7.33333333333333,5.625,5.88888888888889,4.88888888888889,2,0,0.444444444444444,0.111111111111111,0.333333333333333,0,0.111111111111111,0,0.444444444444444,7,"philosophy","lexington, ma","2173",NA,1,"academic (law)",3,6,1,9,"columbia",1430,26908,1,6,4,5,2,3,1,2,6,7,8,4,8,6,9,2,7,8,6,6,1,6,0.311111111111111,22.7777777777778,19.1111111111111,19.1111111111111,15.2222222222222,11.3333333333333,12.4444444444444
246,1,10,2,"European/Caucasian-American",25,9,1,0.111111111111111,0.111111111111111,0.666666666666667,4.11111111111111,7.44444444444444,6.44444444444444,5.44444444444444,5.75,4.375,5.22222222222222,4.22222222222222,2,0,0.444444444444444,0.111111111111111,0.333333333333333,0,0.111111111111111,0,0.444444444444444,10,"biotechnology","brooklyn, ny","11234",41476,2,"scientist",4,8,1,9,"suny stony brook",1140,9168,7,1,1,7,6,6,5,5,7,5,5,3,2,6,8,8,9,9,8,9,5,2,0.286666666666667,22.7777777777778,19.1111111111111,19.1111111111111,15.2222222222222,11.3333333333333,12.4444444444444
247,1,10,4,"Asian/Pacific Islander/Asian-American",25,9,0,0,0,0.888888888888889,4,7.66666666666667,7.55555555555556,4.66666666666667,6.33333333333333,4,5.125,4.44444444444444,2,0,0.444444444444444,0.111111111111111,0.333333333333333,0,0.111111111111111,0,0.333333333333333,10,"earth and environmental science","shanghai, china","200065",NA,2,"naturalist",5,10,1,9,"fudan university, shanghai, china",NA,NA,1,1,1,6,4,5,4,7,1,3,2,9,4,2,5,3,3,3,3,3,2,6,-0.115555555555556,22.7777777777778,19.1111111111111,19.1111111111111,15.2222222222222,11.3333333333333,12.4444444444444
248,1,10,6,"Other",27,9,3,0.333333333333333,0.777777777777778,0.444444444444444,7,6,6.66666666666667,7.66666666666667,7.66666666666667,5.44444444444444,7,5.22222222222222,2,0,0.444444444444444,0.111111111111111,0.333333333333333,0,0.111111111111111,0,0.111111111111111,8,"business","san francisco","92037",49841,7,"trader",6,12,1,9,"cornell",1360,26062,1,1,1,4,1,7,1,8,7,5,1,8,6,8,6,3,7,7,4,7,6,1,0.122222222222222,22.7777777777778,19.1111111111111,19.1111111111111,15.2222222222222,11.3333333333333,12.4444444444444
249,1,10,6,"Other",33,9,0,0,0,0.666666666666667,4.22222222222222,6.77777777777778,7.375,5.55555555555556,7.88888888888889,4.75,5,4.44444444444444,1.875,0,0.444444444444444,0.111111111111111,0.333333333333333,0,0.111111111111111,0,0.111111111111111,8,"finance","chile",NA,NA,7,"wall street economist",7,14,1,9,"universidad catolica de chile",NA,NA,2,7,2,3,1,7,9,1,10,8,6,1,1,6,10,7,3,8,8,5,4,1,0.198888888888889,22.7777777777778,19.1111111111111,19.1111111111111,15.2222222222222,11.3333333333333,12.4444444444444
250,1,10,6,"Other",25,9,5,0.555555555555556,0.888888888888889,0.666666666666667,6.77777777777778,6.66666666666667,8,6.88888888888889,8.44444444444444,7.66666666666667,6.88888888888889,6.11111111111111,2,0,0.444444444444444,0.111111111111111,0.333333333333333,0,0.111111111111111,0,0.111111111111111,6,"classics","toronto, london, india",NA,NA,2,"professor, poet/critic",8,16,1,9,"amherst college",1402,27240,1,1,4,2,1,7,2,8,10,10,10,6,1,2,10,1,9,9,10,10,6,5,0.528888888888889,22.7777777777778,19.1111111111111,19.1111111111111,15.2222222222222,11.3333333333333,12.4444444444444
251,1,10,6,"Other",33,9,1,0.111111111111111,0.222222222222222,0.222222222222222,4.77777777777778,7.33333333333333,7.55555555555556,5.55555555555556,5.85714285714286,5.375,5.77777777777778,5,2,0,0.444444444444444,0.111111111111111,0.333333333333333,0,0.111111111111111,0,0.111111111111111,7,"philosophy (ph.d.)","israel",NA,NA,10,"am not sure",9,18,1,9,"hebrew university",NA,NA,2,2,6,4,1,7,6,1,6,8,8,5,8,4,9,7,6,9,6,8,2,3,0.181111111111111,22.7777777777778,19.1111111111111,19.1111111111111,15.2222222222222,11.3333333333333,12.4444444444444
252,0,11,3,"Latino/Hispanic American",28,21,2,0.0952380952380952,0.523809523809524,0.285714285714286,6.83333333333333,7.76190476190476,7.25,7.14285714285714,6.89473684210526,5.76470588235294,6.30952380952381,5.0952380952381,2,0.0952380952380952,0.571428571428571,0.0952380952380952,0.19047619047619,0,0.0476190476190476,0,0.0952380952380952,13,"political science","mexico","11910",NA,2,"professor",1,1,2,21,"universidad iberoamericana",NA,NA,1,1,1,6,2,4,3,3,8,7,6,7,4,9,9,2,9,9,9,9,9,2,0.249047619047619,26.8571428571429,18.4285714285714,19.5238095238095,16.2857142857143,7.9047619047619,11
253,0,11,4,"Asian/Pacific Islander/Asian-American",33,21,2,0.0952380952380952,0.238095238095238,0.523809523809524,3.85714285714286,6.25,6.8421052631579,4.65,5.83333333333333,4.58823529411765,4.54761904761905,3.76190476190476,2,0.0952380952380952,0.571428571428571,0.0952380952380952,0.19047619047619,0,0.0476190476190476,0,0.19047619047619,3,"sociology","japan","7024",NA,2,"researcher/academia",2,3,2,21,"tokyo woman's christian university, japan",NA,NA,1,1,2,6,6,5,3,5,8,10,10,6,1,6,10,7,7,10,7,7,7,3,0.27,26.8571428571429,18.4285714285714,19.5238095238095,16.2857142857143,7.9047619047619,11
254,0,11,2,"European/Caucasian-American",22,21,0,0,0.428571428571429,0.142857142857143,5.80952380952381,7.1,7.9,6.25,6.75,5.52631578947368,5.85714285714286,4.85714285714286,2,0.0952380952380952,0.571428571428571,0.0952380952380952,0.19047619047619,0,0.0476190476190476,0,0.571428571428571,7,"philosophy and physics","boulder, colorado","80304",37240,2,"academia",3,5,2,21,"university of maryland, and oxford",1250,13413,8,3,2,6,2,8,2,6,10,9,9,8,1,7,9,8,9,9,7,7,7,8,0.286666666666667,26.8571428571429,18.4285714285714,19.5238095238095,16.2857142857143,7.9047619047619,11
255,0,11,4,"Asian/Pacific Islander/Asian-American",26,21,0,0,0.333333333333333,0,5.71428571428571,6.2,6.05,5,5.55,5.1578947368421,5.19047619047619,3.71428571428571,2,0.0952380952380952,0.571428571428571,0.0952380952380952,0.19047619047619,0,0.0476190476190476,0,0.19047619047619,10,"nutrition","maryland","21701",36594,4,"nutrition and dental",4,7,2,21,"uw madison",1210,12900,3,1,1,7,3,6,8,9,6,6,6,4,2,5,6,4,7,7,8,8,9,1,0.0533333333333333,26.8571428571429,18.4285714285714,19.5238095238095,16.2857142857143,7.9047619047619,11
256,0,11,4,"Asian/Pacific Islander/Asian-American",24,21,3,0.142857142857143,0.761904761904762,0.142857142857143,6.57142857142857,7.2,7.55,6.33333333333333,6.89473684210526,6.05263157894737,6.33333333333333,4.85714285714286,1.95238095238095,0.0952380952380952,0.571428571428571,0.0952380952380952,0.19047619047619,0,0.0476190476190476,0,0.19047619047619,4,"medicine","northern virginia","22015",62997,4,"physician",5,9,2,21,"harvard",1400,26019,6,5,2,6,4,5,3,6,7,6,5,6,5,5,5,8,6,8,8,8,9,3,0.0461904761904762,26.8571428571429,18.4285714285714,19.5238095238095,16.2857142857143,7.9047619047619,11
257,0,11,2,"European/Caucasian-American",24,21,0,0,0.523809523809524,0,6.85714285714286,7,6.7,6.45,6.5,6.21052631578947,6.33333333333333,4.76190476190476,2,0.0952380952380952,0.571428571428571,0.0952380952380952,0.19047619047619,0,0.0476190476190476,0,0.571428571428571,9,"art education","i am from nyc","10023",46608,2,"art educator and artist",6,11,2,21,"syracuse university",1220,21960,5,6,2,5,1,7,1,6,9,10,10,10,3,4,10,2,5,10,10,10,4,10,0.476666666666667,26.8571428571429,18.4285714285714,19.5238095238095,16.2857142857143,7.9047619047619,11
258,0,11,6,"Other",25,21,7,0.333333333333333,0.666666666666667,0.476190476190476,6.9047619047619,7.25,7.19047619047619,6.9,6.55555555555556,5.61111111111111,6.78571428571429,4.66666666666667,2,0.0952380952380952,0.571428571428571,0.0952380952380952,0.19047619047619,0,0.0476190476190476,0,0.0476190476190476,9,"ma science education","seattle","98115",37881,2,"teacher",7,13,2,21,"university of washington",1155,13258,1,10,1,6,1,9,6,7,7,8,3,10,4,1,10,3,8,5,2,6,6,2,0.278095238095238,26.8571428571429,18.4285714285714,19.5238095238095,16.2857142857143,7.9047619047619,11
259,0,11,2,"European/Caucasian-American",25,21,1,0.0476190476190476,0.333333333333333,0.19047619047619,6.55,6.05263157894737,7.4,5.8421052631579,6.83333333333333,5.875,5.8,4.6,1.8,0.0952380952380952,0.571428571428571,0.0952380952380952,0.19047619047619,0,0.0476190476190476,0,0.571428571428571,10,"genetics","texas","77546",48944,2,"scientist",8,15,2,21,"rice",1410,17125,2,2,2,7,1,8,3,7,8,7,7,4,2,7,8,6,7,7,5,7,5,6,0.311904761904762,26.8571428571429,18.4285714285714,19.5238095238095,16.2857142857143,7.9047619047619,11
260,0,11,4,"Asian/Pacific Islander/Asian-American",27,21,6,0.285714285714286,0.476190476190476,0.571428571428571,5.61904761904762,6.85,7.55,6,6.83333333333333,5.78947368421053,6.19047619047619,4.85714285714286,1.80952380952381,0.0952380952380952,0.571428571428571,0.0952380952380952,0.19047619047619,0,0.0476190476190476,0,0.19047619047619,10,"genetics","malaysia, then massachusetts","50450",NA,2,"scientist/educator",9,17,2,21,"smith college",1260,24742,4,4,2,7,3,9,6,7,9,5,5,6,2,3,9,6,7,7,9,9,5,3,0.394761904761905,26.8571428571429,18.4285714285714,19.5238095238095,16.2857142857143,7.9047619047619,11
261,0,11,4,"Asian/Pacific Islander/Asian-American",26,21,5,0.238095238095238,0.428571428571429,0.428571428571429,5.28571428571429,6.35,7.19047619047619,5.55,5.8421052631579,5.47368421052632,5.66666666666667,4.19047619047619,1.80952380952381,0.0952380952380952,0.571428571428571,0.0952380952380952,0.19047619047619,0,0.0476190476190476,0,0.19047619047619,10,"biology","katonah, ny (more recently, boston)","10536",77112,2,"scientific research for now but who knows",10,19,2,21,"brown university",1400,27395,1,4,1,7,2,6,4,3,9,9,8,3,5,8,9,2,9,9,9,9,4,6,0.35,26.8571428571429,18.4285714285714,19.5238095238095,16.2857142857143,7.9047619047619,11
262,0,11,2,"European/Caucasian-American",29,21,0,0,0.428571428571429,0.0952380952380952,5.38095238095238,7.45,7.6,5.9047619047619,6.05555555555556,5.33333333333333,5.85714285714286,4.9047619047619,1.95238095238095,0.0952380952380952,0.571428571428571,0.0952380952380952,0.19047619047619,0,0.0476190476190476,0,0.571428571428571,3,"psychology","warsaw, poland",NA,NA,10,"who knows",11,21,2,21,"university of warsaw",NA,NA,1,10,6,6,3,9,9,8,7,7,3,7,1,3,10,4,1,7,5,8,1,1,0.332380952380952,26.8571428571429,18.4285714285714,19.5238095238095,16.2857142857143,7.9047619047619,11
263,0,11,1,"Black/African American",26,21,6,0.285714285714286,0.666666666666667,0.380952380952381,5.85714285714286,7.14285714285714,7.55,7.28571428571429,6.42105263157895,5.78947368421053,6.80952380952381,5.04761904761905,2,0.0952380952380952,0.571428571428571,0.0952380952380952,0.19047619047619,0,0.0476190476190476,0,0.0952380952380952,3,"psychology","brooklyn, ny","11212",18283,10,"who knows",12,23,2,21,"yale",1450,26100,9,10,1,6,2,1,1,1,5,7,7,7,1,3,9,4,7,7,7,8,9,6,0.216666666666667,26.8571428571429,18.4285714285714,19.5238095238095,16.2857142857143,7.9047619047619,11
264,0,11,2,"European/Caucasian-American",26,21,4,0.19047619047619,0.619047619047619,0.333333333333333,6.0952380952381,6.9,7.15,6.3,6.27777777777778,5.77777777777778,6.0952380952381,4.76190476190476,1.95,0.0952380952380952,0.571428571428571,0.0952380952380952,0.19047619047619,0,0.0476190476190476,0,0.571428571428571,6,"english","washington, d.c.","20011",31432,2,"college professor",13,25,2,21,"columbia university",1430,26908,1,3,1,6,2,7,1,7,5,7,8,6,1,5,9,7,4,8,2,6,2,1,0.327142857142857,26.8571428571429,18.4285714285714,19.5238095238095,16.2857142857143,7.9047619047619,11
265,0,11,2,"European/Caucasian-American",32,21,1,0.0476190476190476,0.333333333333333,0.142857142857143,5,6.47619047619048,6.95,3.85,5.45,4.45,4.95238095238095,3.80952380952381,2,0.0952380952380952,0.571428571428571,0.0952380952380952,0.19047619047619,0,0.0476190476190476,0,0.571428571428571,1,"law and english literature (j.d./ph.d.)","new york","10538",73073,2,"professor or lawyer",14,27,2,21,"stanford",1450,25917,3,3,4,5,2,2,9,8,8,7,8,2,1,2,10,6,7,10,8,9,2,1,0.249047619047619,26.8571428571429,18.4285714285714,19.5238095238095,16.2857142857143,7.9047619047619,11
266,0,11,2,"European/Caucasian-American",28,21,4,0.19047619047619,0.80952380952381,0.238095238095238,7.35714285714286,7.875,7.775,7.075,6.25,6.30555555555556,7,5.47619047619048,2,0.0952380952380952,0.571428571428571,0.0952380952380952,0.19047619047619,0,0.0476190476190476,0,0.571428571428571,16,"french","new york city",NA,NA,10,"undecided",15,29,2,21,"colby college, waterville, me",1330,34290,2,2,2,7,3,5,4,5,4,7,8,8,1,6,5,1,4,10,6,7,2,6,0.347619047619048,26.8571428571429,18.4285714285714,19.5238095238095,16.2857142857143,7.9047619047619,11
267,0,11,4,"Asian/Pacific Islander/Asian-American",26,21,0,0,0.238095238095238,0,5.95238095238095,6.6,6,5.55,5.38888888888889,4.94117647058824,5.04761904761905,4.19047619047619,2,0.0952380952380952,0.571428571428571,0.0952380952380952,0.19047619047619,0,0.0476190476190476,0,0.19047619047619,10,"nutritiron","taiwan",NA,NA,4,"dietician",16,31,2,21,"chungshenmedicaluniversity(taiwan)",NA,NA,2,2,1,3,3,4,8,5,9,7,6,4,7,8,3,9,5,9,4,9,10,2,-0.258095238095238,26.8571428571429,18.4285714285714,19.5238095238095,16.2857142857143,7.9047619047619,11
268,0,11,3,"Latino/Hispanic American",24,21,10,0.476190476190476,0.952380952380952,0.476190476190476,8.5,8.175,8.225,7.525,7.76315789473684,7.26470588235294,7.88095238095238,6.16666666666667,2,0.0952380952380952,0.571428571428571,0.0952380952380952,0.19047619047619,0,0.0476190476190476,0,0.0952380952380952,4,"gs postbacc premed","texas","76710",26706,4,"medicine",17,33,2,21,"yale",1450,26100,1,1,5,6,1,8,6,6,5,4,3,6,5,5,8,4,5,5,4,4,4,4,0.215238095238095,26.8571428571429,18.4285714285714,19.5238095238095,16.2857142857143,7.9047619047619,11
269,0,11,2,"European/Caucasian-American",24,21,6,0.285714285714286,0.761904761904762,0.333333333333333,7.47619047619048,7.73684210526316,8,7.14285714285714,7.16666666666667,6.26315789473684,7.14285714285714,5.76190476190476,2,0.0952380952380952,0.571428571428571,0.0952380952380952,0.19047619047619,0,0.0476190476190476,0,0.571428571428571,7,"art history","new jersey","8904",NA,2,"professor",18,35,2,21,"wesleyan university",1380,27100,4,5,2,6,2,4,1,8,8,8,10,7,3,1,10,3,6,6,6,9,4,2,0.401904761904762,26.8571428571429,18.4285714285714,19.5238095238095,16.2857142857143,7.9047619047619,11
270,0,11,4,"Asian/Pacific Islander/Asian-American",23,21,5,0.238095238095238,0.571428571428571,0.571428571428571,6.14285714285714,7,7.65,6.23809523809524,6.47368421052632,5.8,6.04761904761905,4.61904761904762,1.95238095238095,0.0952380952380952,0.571428571428571,0.0952380952380952,0.19047619047619,0,0.0476190476190476,0,0.19047619047619,10,"biology","toronto",NA,NA,2,"researcher",19,37,2,21,"university of toronto",NA,NA,2,4,2,5,1,8,4,6,9,8,7,8,4,6,9,2,7,5,6,7,6,4,0.381428571428571,26.8571428571429,18.4285714285714,19.5238095238095,16.2857142857143,7.9047619047619,11
271,0,11,2,"European/Caucasian-American",23,21,2,0.0952380952380952,0.476190476190476,0.380952380952381,6.52380952380952,6.05,6.15,6.19047619047619,5.72222222222222,5.16666666666667,5.64285714285714,4.52380952380952,2,0.0952380952380952,0.571428571428571,0.0952380952380952,0.19047619047619,0,0.0476190476190476,0,0.571428571428571,11,"social work","new york","10543",50060,11,"social work",20,39,2,21,"brandeis university",1330,27076,10,9,2,4,1,8,7,10,9,10,10,5,5,6,7,7,9,9,9,8,9,5,0.105714285714286,26.8571428571429,18.4285714285714,19.5238095238095,16.2857142857143,7.9047619047619,11
272,0,11,2,"European/Caucasian-American",25,21,0,0,0.523809523809524,0.142857142857143,7.57142857142857,7,6.5,6.71428571428571,6.52631578947368,5.58823529411765,6.66666666666667,4.47619047619048,2,0.0952380952380952,0.571428571428571,0.0952380952380952,0.19047619047619,0,0.0476190476190476,0,0.571428571428571,11,"social work","new york","11235",25401,11,"social work",21,41,2,21,"pace university",1030,17030,10,10,2,4,1,6,7,10,10,9,8,7,6,8,9,9,9,9,9,10,9,8,0.121428571428571,26.8571428571429,18.4285714285714,19.5238095238095,16.2857142857143,7.9047619047619,11
273,1,11,2,"European/Caucasian-American",29,21,1,0.0476190476190476,0.333333333333333,0.19047619047619,5.85714285714286,6.76190476190476,7.47619047619048,5.57142857142857,6.35,5,5.625,5.14285714285714,1.95238095238095,0.0476190476190476,0.476190476190476,0.0952380952380952,0.333333333333333,0,0.0476190476190476,0,0.476190476190476,10,"chemistry","czech republic",NA,NA,2,"research position in pharmaceutical industry",1,2,2,21,"charles university, prague, czech republic",NA,NA,8,4,2,5,2,6,1,5,7,7,4,8,1,3,2,5,7,8,8,8,3,2,0.341904761904762,17.4128571428571,20.0795238095238,22.7938095238095,17.222380952381,11.317619047619,11.1747619047619
274,1,11,3,"Latino/Hispanic American",24,21,6,0.285714285714286,0.285714285714286,0.380952380952381,5.61904761904762,6.23809523809524,6.23809523809524,5.85714285714286,6.0952380952381,4.89473684210526,5.66666666666667,4.9047619047619,2,0.0476190476190476,0.476190476190476,0.0952380952380952,0.333333333333333,0,0.0476190476190476,0,0.0952380952380952,3,"sociology","mexico",NA,NA,2,"academia",2,4,2,21,"uc berkeley",1309,15162,3,3,3,4,2,3,3,4,7,6,5,4,5,1,10,7,6,8,9,10,8,7,0.325238095238095,17.4128571428571,20.0795238095238,22.7938095238095,17.222380952381,11.317619047619,11.1747619047619
275,1,11,2,"European/Caucasian-American",21,21,1,0.0476190476190476,0.0476190476190476,0.952380952380952,6.28571428571429,6.47619047619048,7.28571428571429,5.23809523809524,6.7,4.94736842105263,5.28571428571429,4.42857142857143,2,0.0476190476190476,0.476190476190476,0.0952380952380952,0.333333333333333,0,0.0476190476190476,0,0.476190476190476,5,"operations research","siberia","630090",NA,7,"investment banking",3,6,2,21,"novosibirsk state university",NA,NA,1,1,2,4,3,9,1,10,6,7,7,4,6,5,10,1,9,7,7,9,5,9,0.332380952380952,17.4128571428571,20.0795238095238,22.7938095238095,17.222380952381,11.317619047619,11.1747619047619
276,1,11,2,"European/Caucasian-American",26,21,5,0.238095238095238,0.333333333333333,0.619047619047619,5.80952380952381,6.47619047619048,7.42857142857143,6.23809523809524,6.14285714285714,5.28571428571429,6.52380952380952,5.42857142857143,1.85714285714286,0.0476190476190476,0.476190476190476,0.0952380952380952,0.333333333333333,0,0.0476190476190476,0,0.476190476190476,10,"molecular biology","new hope, pa","18977",80608,2,"academia",4,8,2,21,"uc berkeley",1309,15162,7,3,2,4,1,6,2,8,9,8,9,2,3,6,9,1,4,7,6,7,2,2,0.407619047619048,17.4128571428571,20.0795238095238,22.7938095238095,17.222380952381,11.317619047619,11.1747619047619
277,1,11,2,"European/Caucasian-American",25,21,5,0.238095238095238,0.571428571428571,0.285714285714286,6.52380952380952,6.38095238095238,7.19047619047619,6.33333333333333,6.45,5.6,6.66666666666667,5.28571428571429,1.9047619047619,0.0476190476190476,0.476190476190476,0.0952380952380952,0.333333333333333,0,0.0476190476190476,0,0.476190476190476,10,"genetics & development","connecticut","6098",NA,2,"professor",5,10,2,21,"rpi",1308,25555,1,1,1,7,5,10,6,10,5,8,8,10,5,3,8,2,7,8,6,6,1,2,0.207142857142857,17.4128571428571,20.0795238095238,22.7938095238095,17.222380952381,11.317619047619,11.1747619047619
278,1,11,2,"European/Caucasian-American",32,21,0,0,0,0.333333333333333,4.47619047619048,6.19047619047619,7,5.14285714285714,6.52380952380952,4,5.38095238095238,4.66666666666667,1.95238095238095,0.0476190476190476,0.476190476190476,0.0952380952380952,0.333333333333333,0,0.0476190476190476,0,0.476190476190476,5,"medical informatics","boston, ma","0",NA,2,"research/academia",6,12,2,21,"umass",1050,14433,1,1,1,3,1,8,1,5,9,9,9,9,5,8,9,5,7,9,9,9,5,1,0.397619047619048,17.4128571428571,20.0795238095238,22.7938095238095,17.222380952381,11.317619047619,11.1747619047619
279,1,11,2,"European/Caucasian-American",25,21,5,0.238095238095238,0.571428571428571,0.333333333333333,7.02380952380952,6.38095238095238,7.38095238095238,6.42857142857143,6.9047619047619,5.35,6.71428571428571,5.19047619047619,1.9,0.0476190476190476,0.476190476190476,0.0952380952380952,0.333333333333333,0,0.0476190476190476,0,0.476190476190476,10,"biology","las vegas, nevada","89014",43844,2,"scientist",7,14,2,21,"unlv",NA,9696,7,1,3,4,2,7,1,6,5,2,3,5,3,4,9,6,3,8,1,2,1,1,0.175238095238095,17.4128571428571,20.0795238095238,22.7938095238095,17.222380952381,11.317619047619,11.1747619047619
280,1,11,2,"European/Caucasian-American",25,21,5,0.238095238095238,0.285714285714286,0.476190476190476,4.85714285714286,7.14285714285714,7.95238095238095,5.42857142857143,6.10526315789474,5.25,5.80952380952381,5.38095238095238,1.80952380952381,0.0476190476190476,0.476190476190476,0.0952380952380952,0.333333333333333,0,0.0476190476190476,0,0.476190476190476,10,"biology","budapest","7620",NA,2,"scientist",8,16,2,21,"columbia college",1430,26908,2,1,3,6,2,8,1,5,5,6,5,5,4,2,10,2,7,10,7,8,2,2,0.406666666666667,17.4128571428571,20.0795238095238,22.7938095238095,17.222380952381,11.317619047619,11.1747619047619
281,1,11,2,"European/Caucasian-American",27,21,2,0.0952380952380952,0.19047619047619,0.619047619047619,5.52380952380952,5.9047619047619,7.61904761904762,4.61904761904762,5.95,5.23809523809524,5.38095238095238,5.0952380952381,2,0.0476190476190476,0.476190476190476,0.0952380952380952,0.333333333333333,0,0.0476190476190476,0,0.476190476190476,3,"sociology","russia","430000",NA,2,"research",9,18,2,21,"msu, russia",NA,NA,2,5,6,5,5,4,4,2,4,7,5,8,1,2,6,2,6,8,7,5,3,9,0.365714285714286,17.4128571428571,20.0795238095238,22.7938095238095,17.222380952381,11.317619047619,11.1747619047619
282,1,11,1,"Black/African American",23,21,7,0.333333333333333,0.380952380952381,0.904761904761905,6.47619047619048,7.04761904761905,6.85714285714286,7.14285714285714,6.3,5.31578947368421,6.19047619047619,5.33333333333333,1.95238095238095,0.0476190476190476,0.476190476190476,0.0952380952380952,0.333333333333333,0,0.0476190476190476,0,0.0476190476190476,5,"electrical engineering","uncc",NA,NA,7,"enterpreneur",10,20,2,21,"university of north carolina at charlotte",1260,13211,1,1,1,4,3,10,10,10,5,4,4,4,7,8,9,5,7,7,7,10,5,1,-0.0219047619047619,17.4128571428571,20.0795238095238,22.7938095238095,17.222380952381,11.317619047619,11.1747619047619
283,1,11,4,"Asian/Pacific Islander/Asian-American",27,21,2,0.0952380952380952,0.142857142857143,0.857142857142857,5.1,7.2,7.1,5.7,6.2,4.44444444444444,5.6,6.05,1.95,0.0476190476190476,0.476190476190476,0.0952380952380952,0.333333333333333,0,0.0476190476190476,0,0.333333333333333,5,"electrical engg.","boston","1851",NA,7,"industry cto/ceo",11,22,2,21,"rec, rourkela",NA,NA,1,1,1,4,2,9,6,6,6,4,4,8,6,6,8,1,5,3,3,7,2,7,0.0361904761904762,17.4128571428571,20.0795238095238,22.7938095238095,17.222380952381,11.317619047619,11.1747619047619
284,1,11,2,"European/Caucasian-American",27,21,1,0.0476190476190476,0.333333333333333,0.238095238095238,5.80952380952381,6.76190476190476,7.04761904761905,5.95238095238095,6.1,4.75,6,4.95238095238095,2,0.0476190476190476,0.476190476190476,0.0952380952380952,0.333333333333333,0,0.0476190476190476,0,0.476190476190476,8,"business school","iceland","0",NA,6,"film/television",12,24,2,21,"columbia business school",1430,NA,1,5,1,5,2,9,2,5,7,7,9,8,1,5,9,5,5,9,8,9,8,5,0.465714285714286,17.4128571428571,20.0795238095238,22.7938095238095,17.222380952381,11.317619047619,11.1747619047619
285,1,11,6,"Other",24,21,2,0.0952380952380952,0.0952380952380952,1,4.57142857142857,6.71428571428571,7,4.61904761904762,6.14285714285714,4.47619047619048,5.38095238095238,5.0952380952381,2,0.0476190476190476,0.476190476190476,0.0952380952380952,0.333333333333333,0,0.0476190476190476,0,0.0476190476190476,5,"engineering","international student","10025",NA,7,"finance or engineering",13,26,2,21,"tech school",NA,NA,1,1,4,6,6,5,7,6,10,9,10,9,14,5,9,7,3,10,10,10,10,10,-0.0304761904761905,17.4128571428571,20.0795238095238,22.7938095238095,17.222380952381,11.317619047619,11.1747619047619
286,1,11,2,"European/Caucasian-American",22,21,0,0,0,0.476190476190476,4.80952380952381,6.71428571428571,6.9047619047619,5.04761904761905,6.1,4.33333333333333,5.04761904761905,4.80952380952381,2,0.0476190476190476,0.476190476190476,0.0952380952380952,0.333333333333333,0,0.0476190476190476,0,0.476190476190476,2,"mathematics","russia","125438",NA,2,"professor",14,28,2,21,"queens college",1100,11360,4,7,1,6,3,7,3,4,3,8,7,9,9,4,8,6,8,7,8,6,3,8,0.0247619047619048,17.4128571428571,20.0795238095238,22.7938095238095,17.222380952381,11.317619047619,11.1747619047619
287,1,11,4,"Asian/Pacific Islander/Asian-American",22,21,0,0,0,0.80952380952381,4.35,4.85,6.15,4.2,6.05,4.05263157894737,4.15,3.8,2,0.0476190476190476,0.476190476190476,0.0952380952380952,0.333333333333333,0,0.0476190476190476,0,0.333333333333333,13,"international politics","nepal","6320",NA,6,"writing",15,30,2,21,"connecticut college",1310,33585,1,1,1,7,3,2,1,5,7,2,2,9,6,4,10,8,8,10,8,8,8,8,0.18047619047619,17.4128571428571,20.0795238095238,22.7938095238095,17.222380952381,11.317619047619,11.1747619047619
288,1,11,2,"European/Caucasian-American",27,21,4,0.19047619047619,0.476190476190476,0.238095238095238,6,6.80952380952381,7.0952380952381,6.14285714285714,6.55,5.27777777777778,6.0952380952381,4.66666666666667,2,0.0476190476190476,0.476190476190476,0.0952380952380952,0.333333333333333,0,0.0476190476190476,0,0.476190476190476,3,"sociology","washington, dc","21044",53196,2,"professor",16,32,2,21,"emory university",1380,25552,3,5,1,6,3,9,5,3,8,5,5,6,4,4,9,2,6,7,5,7,2,2,0.31952380952381,17.4128571428571,20.0795238095238,22.7938095238095,17.222380952381,11.317619047619,11.1747619047619
289,1,11,4,"Asian/Pacific Islander/Asian-American",28,21,5,0.238095238095238,0.571428571428571,0.428571428571429,6.0952380952381,7.04761904761905,7.19047619047619,7.38095238095238,6.65,4.94444444444444,6.66666666666667,5.66666666666667,1.95238095238095,0.0476190476190476,0.476190476190476,0.0952380952380952,0.333333333333333,0,0.0476190476190476,0,0.333333333333333,8,"mba / master of international affairs (sipa)","california","92064",53229,7,"venture capital/consulting/government",17,34,2,21,"harvey mudd college (physics)",1460,23187,1,2,1,4,1,10,6,1,7,3,6,10,5,3,10,6,5,7,6,8,2,1,0.146666666666667,17.4128571428571,20.0795238095238,22.7938095238095,17.222380952381,11.317619047619,11.1747619047619
290,1,11,2,"European/Caucasian-American",34,21,2,0.0952380952380952,0.333333333333333,0.333333333333333,6.57142857142857,6.33333333333333,7.52380952380952,5.38095238095238,6.38095238095238,4.9,5.85714285714286,4.57142857142857,1.85,0.0476190476190476,0.476190476190476,0.0952380952380952,0.333333333333333,0,0.0476190476190476,0,0.476190476190476,10,"genetics","israel",NA,NA,2,"research",18,36,2,21,"university of paris",NA,NA,2,6,2,5,2,7,1,8,7,7,4,3,2,1,10,1,3,5,9,10,2,5,0.419047619047619,17.4128571428571,20.0795238095238,22.7938095238095,17.222380952381,11.317619047619,11.1747619047619
291,1,11,4,"Asian/Pacific Islander/Asian-American",27,21,5,0.238095238095238,0.238095238095238,0.952380952380952,5.0952380952381,7.0952380952381,8.14285714285714,6.0952380952381,7.85714285714286,5.23809523809524,6.28571428571429,5.19047619047619,1.9047619047619,0.0476190476190476,0.476190476190476,0.0952380952380952,0.333333333333333,0,0.0476190476190476,0,0.333333333333333,10,"medicine and biochemistry","new jersey","7936",NA,4,"doctor and entrepreneur",19,38,2,21,"harvard",1400,26019,5,5,1,3,2,9,7,7,7,7,7,5,6,5,7,5,6,7,5,8,5,5,0.221428571428571,17.4128571428571,20.0795238095238,22.7938095238095,17.222380952381,11.317619047619,11.1747619047619
292,1,11,1,"Black/African American",28,21,4,0.19047619047619,0.380952380952381,0.428571428571429,7.33333333333333,6.95238095238095,7.38095238095238,6.61904761904762,7.04761904761905,4.8421052631579,6.80952380952381,4.95238095238095,2,0.0476190476190476,0.476190476190476,0.0952380952380952,0.333333333333333,0,0.0476190476190476,0,0.0476190476190476,13,"international affairs","new york city","10009",25786,7,"int'l business",20,40,2,21,"u of  michigan",1290,21645,7,1,1,2,1,10,5,8,8,7,5,10,7,9,7,4,7,9,5,10,1,1,0.141428571428571,17.4128571428571,20.0795238095238,22.7938095238095,17.222380952381,11.317619047619,11.1747619047619
293,1,11,3,"Latino/Hispanic American",28,21,2,0.0952380952380952,0.285714285714286,0.238095238095238,5.61904761904762,6.57142857142857,6.76190476190476,5.38095238095238,6.9047619047619,4.33333333333333,5.47619047619048,4.9047619047619,2,0.0476190476190476,0.476190476190476,0.0952380952380952,0.333333333333333,0,0.0476190476190476,0,0.0952380952380952,8,"business (mba)","northern new jersey","7512",NA,7,"pharmaceuticals/consulting",21,42,2,21,"mit",1490,27728,3,7,2,5,2,6,9,7,10,8,7,6,6,8,9,6,9,9,8,8,6,4,0.294761904761905,17.4128571428571,20.0795238095238,22.7938095238095,17.222380952381,11.317619047619,11.1747619047619
294,0,12,4,"Asian/Pacific Islander/Asian-American",30,14,1,0.0714285714285714,0.642857142857143,0.0714285714285714,7.85714285714286,7.64285714285714,8.28571428571429,7.07142857142857,6.92857142857143,6.5,7.28571428571429,5.57142857142857,2,0,0.714285714285714,0,0.142857142857143,0,0.142857142857143,0,0.142857142857143,9,"social studies education","new york city","7304",NA,2,"secondary education teacher",1,1,2,14,"rutgers university",1188,11311,1,1,1,6,2,7,8,4,9,10,10,1,1,7,10,3,10,9,7,8,8,5,0.195714285714286,26.1907142857143,16.2178571428571,20.3471428571429,16.3228571428571,8.30642857142857,12.6157142857143
295,0,12,2,"European/Caucasian-American",30,14,0,0,0.142857142857143,0.428571428571429,5.57142857142857,6.92857142857143,6.78571428571429,5.85714285714286,5.69230769230769,5.16666666666667,5.64285714285714,4.64285714285714,2,0,0.714285714285714,0,0.142857142857143,0,0.142857142857143,0,0.714285714285714,9,"ma teaching social studies","arizona","85283",39394,2,"high school social studies teacher",2,3,2,14,"arizona state",1097,10352,5,7,2,6,1,7,8,8,5,7,5,3,1,2,10,7,10,10,8,8,5,8,0.217857142857143,26.1907142857143,16.2178571428571,20.3471428571429,16.3228571428571,8.30642857142857,12.6157142857143
296,0,12,2,"European/Caucasian-American",28,14,3,0.214285714285714,0.357142857142857,0.428571428571429,5.21428571428571,7.42857142857143,7.78571428571429,5.92857142857143,7.07142857142857,5.30769230769231,6.14285714285714,5.07142857142857,2,0,0.714285714285714,0,0.142857142857143,0,0.142857142857143,0,0.714285714285714,9,"education policy","new york","11365",40695,2,"education policy analyst",3,5,2,14,"univ of pennsylvania",1400,26630,10,10,1,4,2,4,5,2,8,8,7,6,5,9,9,9,8,7,8,10,9,7,0.0907142857142857,26.1907142857143,16.2178571428571,20.3471428571429,16.3228571428571,8.30642857142857,12.6157142857143
297,0,12,2,"European/Caucasian-American",21,14,4,0.285714285714286,0.571428571428571,0.428571428571429,7.21428571428571,7.35714285714286,6.57142857142857,6.57142857142857,6,5.69230769230769,7.07142857142857,5,2,0,0.714285714285714,0,0.142857142857143,0,0.142857142857143,0,0.714285714285714,9,"education- literacy specialist","texas","77401",45788,2,"literacy organization head/ director of development for non-profit",4,7,2,14,"washington u. in st. louis",NA,26377,9,8,2,2,1,5,2,8,8,10,10,3,3,5,10,8,10,10,8,8,8,6,0.235714285714286,26.1907142857143,16.2178571428571,20.3471428571429,16.3228571428571,8.30642857142857,12.6157142857143
298,0,12,2,"European/Caucasian-American",22,14,0,0,0.214285714285714,0.5,5.78571428571429,7.21428571428571,7.07142857142857,5.92857142857143,5.57142857142857,4.53846153846154,6,4.76923076923077,2,0,0.714285714285714,0,0.142857142857143,0,0.142857142857143,0,0.714285714285714,6,"english","buffalo, ny","14075",37315,2,"english teacher",5,9,2,14,"suny geneseo",1212,9210,7,1,2,6,2,3,1,3,5,10,10,3,1,4,10,5,10,10,10,10,9,7,0.244285714285714,26.1907142857143,16.2178571428571,20.3471428571429,16.3228571428571,8.30642857142857,12.6157142857143
299,0,12,4,"Asian/Pacific Islander/Asian-American",24,14,1,0.0714285714285714,0.357142857142857,0.285714285714286,5.78571428571429,7.71428571428571,7.42857142857143,6.78571428571429,6.07142857142857,5.08333333333333,6.14285714285714,5.28571428571429,2,0,0.714285714285714,0,0.142857142857143,0,0.142857142857143,0,0.142857142857143,11,"social work","maryland","21015",51663,2,"program development / policy work",6,11,2,14,"new york university",1340,25380,1,1,2,6,2,7,1,7,8,9,8,9,4,9,9,6,7,9,7,9,5,4,0.364285714285714,26.1907142857143,16.2178571428571,20.3471428571429,16.3228571428571,8.30642857142857,12.6157142857143
300,0,12,2,"European/Caucasian-American",35,14,2,0.142857142857143,0.214285714285714,0.5,5.64285714285714,6.78571428571429,7.14285714285714,5.71428571428571,5.76923076923077,5.33333333333333,5.5,4.85714285714286,1.92857142857143,0,0.714285714285714,0,0.142857142857143,0,0.142857142857143,0,0.714285714285714,3,"anthropology/education","buffalo, ny","14043",32563,2,"researcher",7,13,2,14,"miami university",1250,14589,1,1,2,6,2,8,2,8,9,10,10,7,2,5,8,2,10,8,8,10,4,2,0.415714285714286,26.1907142857143,16.2178571428571,20.3471428571429,16.3228571428571,8.30642857142857,12.6157142857143
301,0,12,2,"European/Caucasian-American",34,14,2,0.142857142857143,0.285714285714286,0.428571428571429,6.14285714285714,7.5,8.07142857142857,6.5,7,5.61538461538461,6.21428571428571,4.85714285714286,2,0,0.714285714285714,0,0.142857142857143,0,0.142857142857143,0,0.714285714285714,9,"bilingual education","washington, dc","8540",NA,2,"professor of education",8,15,2,14,"university of pennsylvania",1400,26630,3,8,2,4,1,5,3,9,10,7,8,5,1,5,9,5,9,10,9,9,5,9,0.386428571428571,26.1907142857143,16.2178571428571,20.3471428571429,16.3228571428571,8.30642857142857,12.6157142857143
302,0,12,2,"European/Caucasian-American",21,14,0,0,0,0.285714285714286,5.07142857142857,5.64285714285714,5.71428571428571,6.28571428571429,5.85714285714286,5.07692307692308,5.35714285714286,4.42857142857143,2,0,0.714285714285714,0,0.142857142857143,0,0.142857142857143,0,0.714285714285714,3,"speech pathology","long island","11754",54303,12,"speech pathologist",10,18,2,14,"marymount manhattan college",1034,14695,8,7,2,3,1,10,10,9,7,5,6,6,6,8,5,7,7,7,9,9,6,6,0.0171428571428571,26.1907142857143,16.2178571428571,20.3471428571429,16.3228571428571,8.30642857142857,12.6157142857143
303,0,12,2,"European/Caucasian-American",33,14,1,0.0714285714285714,0.571428571428571,0.0714285714285714,7.21428571428571,7.14285714285714,7.64285714285714,6.85714285714286,6.28571428571429,6.33333333333333,6.92857142857143,4.85714285714286,2,0,0.714285714285714,0,0.142857142857143,0,0.142857142857143,0,0.714285714285714,9,"education","brooklyn, ny","27701",16908,2,"educator",11,20,2,14,"harvard",1400,26019,2,1,4,5,1,7,1,9,9,9,7,7,1,1,10,2,9,9,8,9,5,1,0.432142857142857,26.1907142857143,16.2178571428571,20.3471428571429,16.3228571428571,8.30642857142857,12.6157142857143
304,0,12,2,"European/Caucasian-American",28,14,1,0.0714285714285714,0.285714285714286,0.0714285714285714,6.42857142857143,7.35714285714286,6.57142857142857,7.14285714285714,6,5.15384615384615,6.5,5,2,0,0.714285714285714,0,0.142857142857143,0,0.142857142857143,0,0.714285714285714,3,"speech pathology","nyc-6 yrs. grew up in nebraska","68124",39729,12,"speech pathologist",12,22,2,14,"holy cross college",1258,25020,1,10,1,7,2,10,1,8,7,7,8,2,1,4,8,1,8,9,7,7,8,9,0.319285714285714,26.1907142857143,16.2178571428571,20.3471428571429,16.3228571428571,8.30642857142857,12.6157142857143
305,0,12,4,"Asian/Pacific Islander/Asian-American",29,14,2,0.142857142857143,0.214285714285714,0.5,6.57142857142857,7.21428571428571,7.21428571428571,5.92857142857143,6.21428571428571,5,5.92857142857143,5.21428571428571,1.92857142857143,0,0.714285714285714,0,0.142857142857143,0,0.142857142857143,0,0.142857142857143,9,"math education","philippines",NA,NA,2,"teaching/education",13,24,2,14,"university of the philippines",NA,NA,6,9,1,4,1,8,2,7,10,7,7,8,2,7,8,7,8,9,7,7,9,8,0.297857142857143,26.1907142857143,16.2178571428571,20.3471428571429,16.3228571428571,8.30642857142857,12.6157142857143
306,0,12,4,"Asian/Pacific Islander/Asian-American",22,14,1,0.0714285714285714,0.142857142857143,0.5,6.92857142857143,7.57142857142857,6.64285714285714,6.07142857142857,5.38461538461539,4.41666666666667,6.15384615384615,5.14285714285714,1.92857142857143,0,0.714285714285714,0,0.142857142857143,0,0.142857142857143,0,0.142857142857143,9,"tesol","taiwan",NA,NA,2,"professor in college",14,26,2,14,"national taiwan university",NA,NA,6,2,1,6,3,6,6,9,8,5,5,7,4,5,6,9,9,9,5,5,9,5,-0.0285714285714286,26.1907142857143,16.2178571428571,20.3471428571429,16.3228571428571,8.30642857142857,12.6157142857143
307,0,12,4,"Asian/Pacific Islander/Asian-American",27,14,3,0.214285714285714,0.642857142857143,0.357142857142857,7.21428571428571,7.92857142857143,7.85714285714286,7.14285714285714,6.30769230769231,5.91666666666667,7.21428571428571,5.71428571428571,2,0,0.714285714285714,0,0.142857142857143,0,0.142857142857143,0,0.142857142857143,9,"elementary education","virginia","22003",57316,2,"teacher",15,28,2,14,"william and mary",1340,17808,1,3,5,7,2,10,8,10,9,8,9,10,1,5,10,7,10,10,8,10,9,3,0.297142857142857,26.1907142857143,16.2178571428571,20.3471428571429,16.3228571428571,8.30642857142857,12.6157142857143
308,1,12,4,"Asian/Pacific Islander/Asian-American",27,14,1,0.0714285714285714,0.0714285714285714,0.5,5.07142857142857,8.14285714285714,8.42857142857143,5.84615384615385,7.71428571428571,5.30769230769231,6.35714285714286,5.92857142857143,1.78571428571429,0,0.642857142857143,0,0.357142857142857,0,0,0,0.357142857142857,9,"cognitive studies in education","cambridge, massachusetts","11137",NA,2,"academia; research; teaching",1,2,2,14,"taiwan university",NA,NA,7,3,1,7,2,7,7,7,8,8,8,8,7,3,7,9,8,9,7,8,7,7,0.217142857142857,16.8571428571429,23.5714285714286,21.7857142857143,14.5714285714286,11.9285714285714,11.2857142857143
309,1,12,2,"European/Caucasian-American",32,14,2,0.142857142857143,0.5,0.285714285714286,6.64285714285714,8.28571428571429,8.38461538461539,7.21428571428571,7,6.33333333333333,6.78571428571429,5.64285714285714,2,0,0.642857142857143,0,0.357142857142857,0,0,0,0.642857142857143,9,"education","nyc","10463",30587,2,"curriculum developer",2,4,2,14,"suny albany",1185,9620,5,9,3,3,2,6,4,4,9,8,10,8,5,7,9,6,8,9,8,10,4,4,0.410714285714286,16.8571428571429,23.5714285714286,21.7857142857143,14.5714285714286,11.9285714285714,11.2857142857143
310,1,12,2,"European/Caucasian-American",25,14,1,0.0714285714285714,0.214285714285714,0.285714285714286,6.07142857142857,6.92307692307692,7.53846153846154,4.92307692307692,5.78571428571429,3.83333333333333,4.71428571428571,4.78571428571429,2,0,0.642857142857143,0,0.357142857142857,0,0,0,0.642857142857143,5,"computer science","nj","10021",55080,10,"?",3,6,2,14,"upenn",1400,26630,7,8,1,3,1,2,2,3,7,6,6,3,8,5,9,8,7,9,5,6,5,3,0.169285714285714,16.8571428571429,23.5714285714286,21.7857142857143,14.5714285714286,11.9285714285714,11.2857142857143
311,1,12,4,"Asian/Pacific Islander/Asian-American",29,14,1,0.0714285714285714,0.571428571428571,0.285714285714286,7.39285714285714,7.92857142857143,7.91666666666667,7.14285714285714,7.5,6.42307692307692,6.85714285714286,5.78571428571429,2,0,0.642857142857143,0,0.357142857142857,0,0,0,0.357142857142857,8,"finance/economics","new york","11746",57513,7,"entrepreneur",4,8,2,14,"columbia college",1430,26908,1,1,2,6,1,10,8,9,10,7,6,8,9,1,7,4,6,8,10,10,9,8,0.0907142857142857,16.8571428571429,23.5714285714286,21.7857142857143,14.5714285714286,11.9285714285714,11.2857142857143
312,1,12,2,"European/Caucasian-American",23,14,1,0.0714285714285715,0.5,0.214285714285714,6.78571428571429,7.85714285714286,7.89285714285714,6.92857142857143,7.35714285714286,7.21428571428571,7,6.5,2,0,0.642857142857143,0,0.357142857142857,0,0,0,0.642857142857143,15,"museum anthropology","nyc","10025",33772,6,"museum work (curation?)",5,10,2,14,"brown",1400,27395,3,1,2,4,2,7,7,5,7,9,8,10,5,3,8,5,6,9,7,8,2,1,0.213571428571429,16.8571428571429,23.5714285714286,21.7857142857143,14.5714285714286,11.9285714285714,11.2857142857143
313,1,12,2,"European/Caucasian-American",27,14,1,0.0714285714285714,0.642857142857143,0.142857142857143,7,8.21428571428571,8.25,7.76923076923077,7.16666666666667,7.28571428571429,7.64285714285714,6.28571428571429,2,0,0.642857142857143,0,0.357142857142857,0,0,0,0.642857142857143,8,"business","boston","1173",NA,6,"music industry",6,12,2,14,"brown",1400,27395,2,3,1,4,1,9,8,6,8,6,3,6,1,9,6,3,2,7,8,10,5,1,0.18,16.8571428571429,23.5714285714286,21.7857142857143,14.5714285714286,11.9285714285714,11.2857142857143
314,1,12,6,"Other",32,14,0,0,0.0714285714285714,0.428571428571429,5.57142857142857,7.71428571428571,8.28571428571429,5.85714285714286,7.57142857142857,5.30769230769231,5.78571428571429,4.92857142857143,2,0,0.642857142857143,0,0.357142857142857,0,0,0,0,13,"political science","new delhi, india","0",NA,2,"academic or consulting",7,14,2,14,"delhi university",NA,NA,3,1,2,6,2,9,2,7,8,6,4,2,2,2,6,7,3,7,6,8,8,8,0.387142857142857,16.8571428571429,23.5714285714286,21.7857142857143,14.5714285714286,11.9285714285714,11.2857142857143
315,1,12,2,"European/Caucasian-American",27,14,2,0.142857142857143,0.357142857142857,0.5,6.39285714285714,7.42857142857143,8.14285714285714,6.30769230769231,7.23076923076923,5.57692307692308,6.64285714285714,6.28571428571429,2,0,0.642857142857143,0,0.357142857142857,0,0,0,0.642857142857143,5,"environmental engineering","way too little space here. world citizen.",NA,NA,2,"academia or un",8,16,2,14,"princeton u.",1460,27230,1,4,3,5,3,8,2,2,8,8,8,8,2,8,7,1,8,9,7,7,2,2,0.39,16.8571428571429,23.5714285714286,21.7857142857143,14.5714285714286,11.9285714285714,11.2857142857143
316,1,12,2,"European/Caucasian-American",25,14,6,0.428571428571429,0.642857142857143,0.5,7.53846153846154,7.57142857142857,8,8.14285714285714,8.42857142857143,7,7.35714285714286,6.57142857142857,2,0,0.642857142857143,0,0.357142857142857,0,0,0,0.642857142857143,8,"business","philadelphia","10019",31857,7,"investment banking",9,17,2,14,"university of pennsylvania",1400,26630,3,3,2,4,1,9,3,5,7,6,6,6,4,6,9,5,4,4,7,9,4,1,0.27,16.8571428571429,23.5714285714286,21.7857142857143,14.5714285714286,11.9285714285714,11.2857142857143
317,1,12,2,"European/Caucasian-American",30,14,3,0.214285714285714,0.642857142857143,0.428571428571429,7.92857142857143,7.71428571428571,7.91666666666667,8.61538461538461,7.61538461538461,6.58333333333333,7.71428571428571,6.38461538461539,2,0,0.642857142857143,0,0.357142857142857,0,0,0,0.642857142857143,8,"mba","italy","80131",NA,7,"international development banker",10,19,2,14,"engineering",NA,NA,1,1,1,4,1,8,1,5,10,6,10,4,3,8,4,1,10,10,8,9,1,1,0.412142857142857,16.8571428571429,23.5714285714286,21.7857142857143,14.5714285714286,11.9285714285714,11.2857142857143
318,1,12,6,"Other",29,14,0,0,0.0714285714285714,0.5,5.07142857142857,7.57142857142857,7.57142857142857,6,7.53846153846154,5.76923076923077,5.92857142857143,5.85714285714286,2,0,0.642857142857143,0,0.357142857142857,0,0,0,0,8,"business administration","ottawa, canada",NA,NA,7,"corporate finance, asset management/ hedge funds",11,21,2,14,"harcourt butler technological institute",NA,NA,1,1,2,6,1,8,4,8,6,4,5,7,7,7,7,6,7,8,5,8,7,6,0.122142857142857,16.8571428571429,23.5714285714286,21.7857142857143,14.5714285714286,11.9285714285714,11.2857142857143
319,1,12,2,"European/Caucasian-American",26,14,3,0.214285714285714,0.214285714285714,0.5,4.42857142857143,7.71428571428571,7.53846153846154,6.35714285714286,6.83333333333333,6.16666666666667,5.71428571428571,6.28571428571429,2,0,0.642857142857143,0,0.357142857142857,0,0,0,0.642857142857143,9,"curriculum and teaching/giftedness","new jersey","7624",NA,2,"i am a teacher.",12,23,2,14,"penn state university",1260,14388,2,4,6,7,2,8,7,5,7,5,4,8,7,1,5,7,2,2,10,9,2,3,-0.141428571428571,16.8571428571429,23.5714285714286,21.7857142857143,14.5714285714286,11.9285714285714,11.2857142857143
320,1,12,2,"European/Caucasian-American",36,14,0,0,0,0.0714285714285715,5.5,7.07142857142857,7.64285714285714,5.64285714285714,7.07692307692308,5.66666666666667,5.57142857142857,5.42857142857143,2,0,0.642857142857143,0,0.357142857142857,0,0,0,0.642857142857143,7,"history","pennsylvania","18603",23207,2,"professor or journalist",13,25,2,14,"uc davis",1242,10704,6,8,4,5,5,4,1,9,9,8,4,6,3,1,10,1,5,7,2,5,2,1,0.362857142857143,16.8571428571429,23.5714285714286,21.7857142857143,14.5714285714286,11.9285714285714,11.2857142857143
321,1,12,2,"European/Caucasian-American",29,14,0,0,0.357142857142857,0,6.07142857142857,6.57142857142857,7.5,5.84615384615385,6.91666666666667,4.66666666666667,5.85714285714286,5.71428571428571,2,0,0.642857142857143,0,0.357142857142857,0,0,0,0.642857142857143,8,"business","france  / new york","0",NA,7,"finance",14,27,2,14,"ecole superieure d'electricite",NA,NA,3,3,1,5,1,7,4,4,8,5,5,4,2,7,5,2,6,8,6,7,2,1,0.401428571428571,16.8571428571429,23.5714285714286,21.7857142857143,14.5714285714286,11.9285714285714,11.2857142857143
322,0,13,4,"Asian/Pacific Islander/Asian-American",34,9,2,0.222222222222222,0.222222222222222,0.444444444444444,6.44444444444444,6.77777777777778,6.88888888888889,6.11111111111111,6.22222222222222,5.125,5.66666666666667,4.22222222222222,1.88888888888889,0,0.333333333333333,0.111111111111111,0.222222222222222,0,0.111111111111111,0.222222222222222,0.222222222222222,3,"anthropology","tokyo and texas",NA,NA,2,"to get ph.d and be a professor",1,1,1,9,"kunitachi college of music (in japan)",NA,NA,2,1,2,2,2,8,7,7,6,6,6,9,3,6,7,2,8,8,8,8,3,1,0.327142857142857,31,12.4285714285714,18.8571428571429,15.2857142857143,13,9.42857142857143
323,0,13,4,"Asian/Pacific Islander/Asian-American",25,9,3,0.333333333333333,0.555555555555556,0.444444444444444,7.77777777777778,7.88888888888889,7.33333333333333,5.77777777777778,6.55555555555556,5.66666666666667,6.77777777777778,5.55555555555556,2,0,0.333333333333333,0.111111111111111,0.222222222222222,0,0.111111111111111,0.222222222222222,0.222222222222222,5,"instructional tech & media","taiwan",NA,NA,2,"education",2,3,1,9,"fu jen catholic university, taiwan",NA,NA,1,1,2,4,3,5,7,7,7,8,7,7,6,6,7,8,9,9,8,8,8,6,0.0714285714285714,31,12.4285714285714,18.8571428571429,15.2857142857143,13,9.42857142857143
324,0,13,2,"European/Caucasian-American",23,9,4,0.444444444444444,0.444444444444444,1,7.11111111111111,7.33333333333333,7,7.66666666666667,6.75,7,7.11111111111111,6,2,0,0.333333333333333,0.111111111111111,0.222222222222222,0,0.111111111111111,0.222222222222222,0.333333333333333,3,"school psychology","erie, pa",NA,NA,3,"school psychologist",3,5,1,9,"bucknell university",1290,25335,8,3,1,4,2,8,8,6,10,8,8,9,6,9,7,8,10,8,10,10,7,7,0.0128571428571429,31,12.4285714285714,18.8571428571429,15.2857142857143,13,9.42857142857143
325,0,13,3,"Latino/Hispanic American",30,9,3,0.333333333333333,0.333333333333333,1,6.22222222222222,7.77777777777778,7.33333333333333,8.11111111111111,7,6.75,6.88888888888889,5.66666666666667,2,0,0.333333333333333,0.111111111111111,0.222222222222222,0,0.111111111111111,0.222222222222222,0.111111111111111,3,"school psychology","new york",NA,NA,3,"school psychologist",4,7,1,9,"fordham university",1160,22170,2,4,2,6,2,5,7,9,9,9,9,7,7,7,9,7,9,9,9,9,4,6,0.271428571428571,31,12.4285714285714,18.8571428571429,15.2857142857143,13,9.42857142857143
326,0,13,1,"Black/African American",36,9,2,0.222222222222222,0.222222222222222,1,4.88888888888889,8.22222222222222,7.11111111111111,6.66666666666667,6.55555555555556,5.77777777777778,5,5.11111111111111,2,0,0.333333333333333,0.111111111111111,0.222222222222222,0,0.111111111111111,0.222222222222222,0,9,"instructional media and technology","westchester, new york",NA,NA,2,"educator",5,9,1,9,"rutgers university",1188,11311,5,5,2,6,4,2,2,3,8,8,8,2,2,6,9,6,10,8,10,10,10,8,0.145714285714286,31,12.4285714285714,18.8571428571429,15.2857142857143,13,9.42857142857143
327,0,13,2,"European/Caucasian-American",29,9,0,0,0.888888888888889,0,8.33333333333333,7.55555555555556,7.88888888888889,8.11111111111111,7.44444444444444,7.11111111111111,7.77777777777778,6.66666666666667,2,0,0.333333333333333,0.111111111111111,0.222222222222222,0,0.111111111111111,0.222222222222222,0.333333333333333,13,"sipa / mia","usa/american",NA,NA,7,"consulting",6,11,1,9,"university of arizona",1099,10356,2,7,2,6,3,1,1,5,10,8,7,7,1,6,10,1,9,8,9,9,1,5,0.327142857142857,31,12.4285714285714,18.8571428571429,15.2857142857143,13,9.42857142857143
328,0,13,2,"European/Caucasian-American",30,9,1,0.111111111111111,0.555555555555556,0.444444444444444,7.33333333333333,7.77777777777778,7.55555555555556,7,6.88888888888889,6.22222222222222,6.55555555555556,5.55555555555556,2,0,0.333333333333333,0.111111111111111,0.222222222222222,0,0.111111111111111,0.222222222222222,0.333333333333333,9,"english education","nyc",NA,NA,2,"teacher",7,13,1,9,"binghamton university",1214,9451,1,1,2,3,1,8,3,10,10,10,10,10,1,5,10,7,10,10,10,10,5,10,0.475714285714286,31,12.4285714285714,18.8571428571429,15.2857142857143,13,9.42857142857143
329,0,13,2,"European/Caucasian-American",29,9,0,0,0.333333333333333,0.222222222222222,5,6.88888888888889,6.77777777777778,4.77777777777778,5.875,4.88888888888889,5.22222222222222,5,2,0,0.333333333333333,0.111111111111111,0.222222222222222,0,0.111111111111111,0.222222222222222,0.333333333333333,9,"art education","great neck, ny",NA,NA,2,"teacher",8,15,1,9,"brown university",1400,27395,1,1,6,6,2,3,2,7,7,10,10,3,1,4,10,2,10,7,6,8,2,1,0.447142857142857,31,12.4285714285714,18.8571428571429,15.2857142857143,13,9.42857142857143
330,0,13,4,"Asian/Pacific Islander/Asian-American",22,9,1,0.111111111111111,0.555555555555556,0.222222222222222,7.55555555555556,7.22222222222222,7.88888888888889,7.44444444444444,7.33333333333333,6.11111111111111,6.44444444444444,5.55555555555556,2,0,0.333333333333333,0.111111111111111,0.222222222222222,0,0.111111111111111,0.222222222222222,0.222222222222222,5,"ma in quantitative methods","california (west coast)",NA,NA,10,"not sure yet :)",9,17,1,9,"cal berkeley",1309,15162,3,3,1,7,3,8,7,7,8,5,5,2,2,9,5,7,2,8,4,9,5,2,0.134285714285714,31,12.4285714285714,18.8571428571429,15.2857142857143,13,9.42857142857143
331,0,13,2,"European/Caucasian-American",34,9,0,0,0.111111111111111,0.555555555555556,4.44444444444444,6.77777777777778,6,4.66666666666667,5.66666666666667,4.875,4.44444444444444,3.88888888888889,2,0,0.333333333333333,0.111111111111111,0.222222222222222,0,0.111111111111111,0.222222222222222,0.333333333333333,9,"early childhood education","new jersey",NA,NA,2,"early childhood ed. - college/univ. faculity",10,19,1,9,"univ. of connecticut",1140,14942,1,1,1,6,3,4,7,4,6,7,7,10,2,1,9,3,7,7,9,9,4,10,0.204285714285714,31,12.4285714285714,18.8571428571429,15.2857142857143,13,9.42857142857143
332,1,13,4,"Asian/Pacific Islander/Asian-American",30,10,2,0.2,0.4,0.4,5.1,8.44444444444444,8.3,7.1,6.5,4.88888888888889,6.3,5.2,1.9,0.1,0.5,0.1,0.3,0,0,0,0.3,3,"anthropology","japan",NA,NA,2,"medical examiner or researcher",1,2,1,10,"university of wisconsin/la crosse",NA,3730,1,1,3,7,4,7,2,8,5,10,10,7,3,7,9,5,8,10,5,9,7,1,0.396,15.9,20.9,18.2,18.4,12,14.6
333,1,13,2,"European/Caucasian-American",23,10,2,0.2,0.8,0.3,7.8,7.66666666666667,7.9,8.1,6.42857142857143,6.44444444444444,8.15,5.3,2,0.1,0.5,0.1,0.3,0,0,0,0.5,8,"mba","portland, or",NA,NA,7,"investment banking",2,4,1,10,"cornell university",1360,26062,5,3,1,3,1,10,5,10,7,3,1,10,5,3,8,2,4,8,2,4,3,6,-0.032,15.9,20.9,18.2,18.4,12,14.6
334,1,13,4,"Asian/Pacific Islander/Asian-American",29,10,0,0,0.5,0.3,7.3,7.22222222222222,7.9,8,6.77777777777778,6.11111111111111,7.3,5.4,2,0.1,0.5,0.1,0.3,0,0,0,0.3,8,"mba","new york/south korea/japan",NA,NA,4,"healthcare",3,6,1,10,"trinity college",1270,26786,1,1,1,5,3,9,4,9,9,8,8,5,6,8,5,5,6,6,3,5,8,5,-0.119,15.9,20.9,18.2,18.4,12,14.6
335,1,13,2,"European/Caucasian-American",24,10,1,0.1,0.6,0.4,6.22222222222222,7.75,8.66666666666667,6.33333333333333,8.125,5.625,6.11111111111111,5.33333333333333,2,0.1,0.5,0.1,0.3,0,0,0,0.5,3,"psychology","michigan",NA,NA,2,"research",4,8,1,10,"georgetown university",1400,25425,1,8,1,3,3,9,1,9,4,7,7,4,1,4,8,6,5,4,3,8,5,7,0.198,15.9,20.9,18.2,18.4,12,14.6
336,1,13,3,"Latino/Hispanic American",25,10,1,0.1,0.4,0.2,6.1,7.77777777777778,8,7.4,6.5,5.22222222222222,6.7,5.6,2,0.1,0.5,0.1,0.3,0,0,0,0.1,17,"architecture","miami",NA,NA,17,"architecture and design",5,10,1,10,"florida international university",1110,10450,1,5,1,5,2,5,4,4,5,8,10,4,1,1,9,4,6,10,10,10,3,4,0.544,15.9,20.9,18.2,18.4,12,14.6
337,1,13,2,"European/Caucasian-American",28,10,3,0.3,0.4,0.8,5.9,8.33333333333333,8.2,7.2,6.66666666666667,5.5,6.5,5.7,2,0.1,0.5,0.1,0.3,0,0,0,0.5,5,"urban planning","dallas, texas",NA,NA,5,"civil engineer",6,12,1,10,"texas a&m",1178,10052,1,1,1,5,3,9,9,8,8,8,7,5,4,6,7,5,7,8,7,6,4,4,0.261,15.9,20.9,18.2,18.4,12,14.6
338,1,13,6,"Other",27,10,2,0.2,0.3,0.7,4.8,7.55555555555556,8,5.8,7.375,3.77777777777778,5.2,4.3,2,0.1,0.5,0.1,0.3,0,0,0,0,5,"urban planning","bombay, india",NA,NA,7,"real estate consulting",7,14,1,10,"rizvi college of architecture, bombay university",NA,NA,1,1,1,4,2,4,2,7,6,8,8,8,6,6,8,4,10,10,7,7,5,10,0.444,15.9,20.9,18.2,18.4,12,14.6
339,1,13,NA,NA,NA,10,4,0.4,0.7,0.5,7,7.33333333333333,7.7,7.8,7.3,6.44444444444444,7.2,6,2,0.1,0.5,0.1,0.3,0,0,0,0,NA,NA,NA,NA,NA,NA,NA,8,16,1,10,NA,NA,NA,NA,NA,NA,NA,NA,NA,NA,NA,NA,NA,NA,NA,NA,NA,NA,NA,NA,NA,NA,NA,NA,NA,NA,15.9,20.9,18.2,18.4,12,14.6
340,1,13,NA,NA,NA,10,1,0.1,0.7,0.2,7.77777777777778,6.375,7.77777777777778,6.88888888888889,7.14285714285714,5.77777777777778,6.77777777777778,5.11111111111111,2,0.1,0.5,0.1,0.3,0,0,0,0,NA,NA,NA,NA,NA,NA,NA,9,18,1,10,NA,NA,NA,NA,NA,NA,NA,NA,NA,NA,NA,NA,NA,NA,NA,NA,NA,NA,NA,NA,NA,NA,NA,NA,NA,NA,15.9,20.9,18.2,18.4,12,14.6
341,0,14,4,"Asian/Pacific Islander/Asian-American",23,18,3,0.166666666666667,0.388888888888889,0.277777777777778,7.0625,7.625,7.4375,7.1875,6.5625,5.9375,6.9375,6.1875,2,0,0.611111111111111,0.111111111111111,0.222222222222222,0,0.0555555555555556,0,0.222222222222222,13,"political science","new jersey","8816",NA,10,"undecided",1,1,2,18,"barnard college",1330,24036,3,10,1,6,1,1,2,1,10,9,9,8,1,6,10,10,10,10,10,10,9,10,0.136666666666667,31.5605555555556,14.2255555555556,17.5322222222222,18.9522222222222,7.75055555555556,9.97888888888889
342,0,14,3,"Latino/Hispanic American",33,18,1,0.0555555555555555,0.166666666666667,0.5,5.9375,6.75,6.75,6.1875,6.4375,5.33333333333333,6,5.25,2,0,0.611111111111111,0.111111111111111,0.222222222222222,0,0.0555555555555556,0,0.111111111111111,9,"ed.d. in higher education policy at tc","palo alto, ca",NA,NA,2,"university president",2,3,2,18,"university of michigan-ann arbor",1290,21645,2,1,1,6,3,3,4,4,10,9,10,1,1,8,7,10,8,10,1,4,10,4,0.101666666666667,31.5605555555556,14.2255555555556,17.5322222222222,18.9522222222222,7.75055555555556,9.97888888888889
343,0,14,2,"European/Caucasian-American",32,18,2,0.111111111111111,0.166666666666667,0.555555555555556,5.25,7.75,7.8125,5.8125,7.25,5.6,5.5625,6.125,2,0,0.611111111111111,0.111111111111111,0.222222222222222,0,0.0555555555555556,0,0.611111111111111,10,"epidemiology","new york","10001",25831,4,"epidemiologist",3,5,2,18,"university of pennsylvania",1400,26630,5,6,3,2,1,6,3,3,10,10,10,8,2,3,5,4,8,9,9,9,9,7,0.183333333333333,31.5605555555556,14.2255555555556,17.5322222222222,18.9522222222222,7.75055555555556,9.97888888888889
344,0,14,3,"Latino/Hispanic American",26,18,4,0.222222222222222,0.388888888888889,0.611111111111111,6.88888888888889,7.27777777777778,7.55555555555556,7.16666666666667,7.44444444444444,6.72222222222222,6.69444444444444,6.125,2,0,0.611111111111111,0.111111111111111,0.222222222222222,0,0.0555555555555556,0,0.111111111111111,13,"international security policy - sipa","new mexico","87110",28759,9,"security policy - homeland defense",4,7,2,18,"univ of new mexico",1060,11424,1,3,3,4,3,9,7,5,6,7,6,4,3,9,4,4,9,9,9,9,9,5,0.207222222222222,31.5605555555556,14.2255555555556,17.5322222222222,18.9522222222222,7.75055555555556,9.97888888888889
345,0,14,2,"European/Caucasian-American",24,18,4,0.222222222222222,0.333333333333333,0.5,6,7.625,7.5625,7,6.625,5.6875,6.25,6.6875,2,0,0.611111111111111,0.111111111111111,0.222222222222222,0,0.0555555555555556,0,0.611111111111111,10,"nutrition","brooklyn","11235",25401,4,"nutritionist",5,9,2,18,"biological sciences",NA,NA,7,6,2,7,4,5,1,10,6,5,5,3,4,8,9,6,7,7,8,9,6,9,0.201111111111111,31.5605555555556,14.2255555555556,17.5322222222222,18.9522222222222,7.75055555555556,9.97888888888889
346,0,14,NA,NA,NA,18,6,0.333333333333333,0.777777777777778,0.388888888888889,8.27777777777778,7.88888888888889,7.88888888888889,7.44444444444444,7.55555555555556,7.55555555555556,7.94444444444444,6.86111111111111,1.88888888888889,0,0.611111111111111,0.111111111111111,0.222222222222222,0,0.0555555555555556,0,0,NA,NA,NA,NA,NA,NA,NA,6,11,2,18,NA,NA,NA,NA,NA,NA,NA,NA,NA,NA,NA,NA,NA,NA,NA,NA,NA,NA,NA,NA,NA,NA,NA,NA,NA,NA,31.5605555555556,14.2255555555556,17.5322222222222,18.9522222222222,7.75055555555556,9.97888888888889
347,0,14,1,"Black/African American",26,18,0,0,0.0555555555555555,0.666666666666667,3.2,6.46666666666667,5.86666666666667,4.2,4.6,2.66666666666667,3.8,3.93333333333333,2,0,0.611111111111111,0.111111111111111,0.222222222222222,0,0.0555555555555556,0,0,9,"education","washington, d.c.","20001",19264,13,"governor",7,13,2,18,"howard university",NA,10222,1,1,5,6,1,1,1,2,10,3,3,1,1,8,2,5,3,8,1,7,10,1,0.173333333333333,31.5605555555556,14.2255555555556,17.5322222222222,18.9522222222222,7.75055555555556,9.97888888888889
348,0,14,4,"Asian/Pacific Islander/Asian-American",21,18,1,0.0555555555555555,0.0555555555555555,1,4.70588235294118,7.47058823529412,7.1764705882353,6.58823529411765,6.29411764705882,5.11764705882353,5.85294117647059,6.05882352941176,2,0,0.611111111111111,0.111111111111111,0.222222222222222,0,0.0555555555555556,0,0.222222222222222,9,"education","california","92683",41778,2,"education administration",8,15,2,18,"uc, irvine!!!!!!!!!",1157,15260,3,3,2,6,1,3,5,1,10,10,10,2,1,9,10,7,10,7,7,7,10,5,0.192777777777778,31.5605555555556,14.2255555555556,17.5322222222222,18.9522222222222,7.75055555555556,9.97888888888889
349,0,14,2,"European/Caucasian-American",33,18,8,0.444444444444444,0.666666666666667,0.555555555555556,8.17647058823529,8.11764705882353,7.52941176470588,7.70588235294118,7.35294117647059,6.4375,7.38235294117647,6.25,1.93333333333333,0,0.611111111111111,0.111111111111111,0.222222222222222,0,0.0555555555555556,0,0.611111111111111,3,"organizational psychology","new york","66614",35963,7,"director of training and development",9,17,2,18,"augustana college",1180,18720,1,7,1,4,2,2,3,10,8,7,8,7,1,6,7,4,8,8,8,9,6,7,0.183333333333333,31.5605555555556,14.2255555555556,17.5322222222222,18.9522222222222,7.75055555555556,9.97888888888889
350,0,14,2,"European/Caucasian-American",31,18,3,0.166666666666667,0.722222222222222,0.277777777777778,7.66666666666667,7.77777777777778,7.61111111111111,7.27777777777778,7.11111111111111,6.38888888888889,7.08333333333333,6.52777777777778,2,0,0.611111111111111,0.111111111111111,0.222222222222222,0,0.0555555555555556,0,0.611111111111111,10,"applied physiology & nutrition","new jersey","7760",NA,4,"private practice dietician",10,19,2,18,"university of akron, oh",1014,11132,9,5,2,7,3,9,2,10,9,8,8,8,7,7,9,9,9,9,9,9,5,7,0.105,31.5605555555556,14.2255555555556,17.5322222222222,18.9522222222222,7.75055555555556,9.97888888888889
351,0,14,4,"Asian/Pacific Islander/Asian-American",35,18,5,0.277777777777778,0.333333333333333,0.722222222222222,6.88235294117647,7.41176470588235,7.05882352941176,5.52941176470588,6.11764705882353,4.94117647058824,5.88235294117647,5.29411764705882,2,0,0.611111111111111,0.111111111111111,0.222222222222222,0,0.0555555555555556,0,0.222222222222222,9,"music education","taiwan","90504",NA,2,"music educator, performer",11,21,2,18,"ucla",1290,15309,1,3,2,5,4,5,2,5,10,10,10,7,2,3,10,3,10,10,10,10,5,5,0.234444444444444,31.5605555555556,14.2255555555556,17.5322222222222,18.9522222222222,7.75055555555556,9.97888888888889
352,0,14,6,"Other",29,18,3,0.166666666666667,0.222222222222222,0.722222222222222,5.88888888888889,7.94444444444444,7,5.27777777777778,5.5,4.61111111111111,5.27777777777778,5.66666666666667,2,0,0.611111111111111,0.111111111111111,0.222222222222222,0,0.0555555555555556,0,0.0555555555555555,9,"music education","taiwan","2115",NA,6,"artist",12,23,2,18,"berklee college of music",NA,17715,6,6,2,4,3,8,5,10,10,10,10,8,4,5,5,8,9,9,10,10,7,7,0.163333333333333,31.5605555555556,14.2255555555556,17.5322222222222,18.9522222222222,7.75055555555556,9.97888888888889
353,0,14,4,"Asian/Pacific Islander/Asian-American",25,18,1,0.0555555555555555,0.0555555555555555,0.666666666666667,4.9375,7.8125,6.75,4.8125,5.3125,3.5625,4.4375,5.125,2,0,0.611111111111111,0.111111111111111,0.222222222222222,0,0.0555555555555556,0,0.222222222222222,9,"music education","taiwan","11373",NA,2,"teacher",13,25,2,18,"shia-chian university",NA,NA,7,7,1,2,1,3,4,5,8,9,9,8,8,5,6,4,9,9,8,9,8,5,0.0305555555555556,31.5605555555556,14.2255555555556,17.5322222222222,18.9522222222222,7.75055555555556,9.97888888888889
354,0,14,2,"European/Caucasian-American",22,18,8,0.444444444444444,0.5,0.666666666666667,6.83333333333333,7.16666666666667,7,7.83333333333333,7.16666666666667,7.33333333333333,6.98333333333333,6.94117647058824,2,0,0.611111111111111,0.111111111111111,0.222222222222222,0,0.0555555555555556,0,0.611111111111111,3,"clinical psychology","manhattan","10128",49409,3,"clinical psychology",14,27,2,18,"loyola college in maryland",1210,23500,9,8,1,6,1,10,10,10,10,8,8,1,1,1,8,10,10,10,10,10,10,6,0.231666666666667,31.5605555555556,14.2255555555556,17.5322222222222,18.9522222222222,7.75055555555556,9.97888888888889
355,0,14,2,"European/Caucasian-American",24,18,1,0.0555555555555555,0.611111111111111,0.166666666666667,7.23529411764706,7.41176470588235,6.76470588235294,7.05882352941176,6.70588235294118,6,6.70588235294118,6.8125,2,0,0.611111111111111,0.111111111111111,0.222222222222222,0,0.0555555555555556,0,0.611111111111111,3,"clinical psychology","nj","8225",NA,3,"clinical psychologist",15,29,2,18,"university of delaware",1160,14380,10,2,1,4,3,9,1,7,8,7,7,7,1,9,9,2,9,9,9,9,9,2,0.247222222222222,31.5605555555556,14.2255555555556,17.5322222222222,18.9522222222222,7.75055555555556,9.97888888888889
356,0,14,2,"European/Caucasian-American",27,18,1,0.0555555555555555,0.222222222222222,0.0555555555555555,7.98888888888889,7.66666666666667,7.88888888888889,5.55555555555556,6.88888888888889,6,6.88888888888889,6.11111111111111,2,0,0.611111111111111,0.111111111111111,0.222222222222222,0,0.0555555555555556,0,0.611111111111111,3,"counseling psychology","pennsylvania","18103",31516,3,"psychologist",16,31,2,18,"lafayette college",1260,24921,2,4,1,7,2,10,9,8,10,8,5,7,1,5,8,9,8,9,7,10,5,6,0.244444444444444,31.5605555555556,14.2255555555556,17.5322222222222,18.9522222222222,7.75055555555556,9.97888888888889
357,0,14,4,"Asian/Pacific Islander/Asian-American",27,18,3,0.166666666666667,0.611111111111111,0.166666666666667,7.58823529411765,7.94117647058824,7.94117647058824,6.94117647058824,6.88235294117647,6.0625,7.11764705882353,6.88235294117647,2,0,0.611111111111111,0.111111111111111,0.222222222222222,0,0.0555555555555556,0,0.222222222222222,9,"education","atlanta, ga","30071",36223,2,"education",17,33,2,18,"wellesley college",1341,25504,10,10,1,4,2,2,6,10,10,10,10,8,1,7,10,6,10,8,7,7,8,1,0.125555555555556,31.5605555555556,14.2255555555556,17.5322222222222,18.9522222222222,7.75055555555556,9.97888888888889
358,0,14,4,"Asian/Pacific Islander/Asian-American",26,18,2,0.111111111111111,0.555555555555556,0.166666666666667,7.41176470588235,7.58823529411765,8.41176470588235,6.58823529411765,8.52941176470588,6.29411764705882,6.76470588235294,6.05882352941176,1.88235294117647,0,0.611111111111111,0.111111111111111,0.222222222222222,0,0.0555555555555556,0,0.222222222222222,8,"mba","california and new york","95008",43367,7,"marketing or strategy and business development",18,35,2,18,"uc berkeley",1309,15162,1,1,1,5,3,6,2,7,10,4,5,2,4,9,9,6,5,8,4,5,7,3,0.217222222222222,31.5605555555556,14.2255555555556,17.5322222222222,18.9522222222222,7.75055555555556,9.97888888888889
359,0,14,2,"European/Caucasian-American",26,18,3,0.166666666666667,0.277777777777778,0.333333333333333,6.21875,6.8125,7.46875,5.3125,6.625,4.625,5.34375,5.34375,2,0,0.611111111111111,0.111111111111111,0.222222222222222,0,0.0555555555555556,0,0.611111111111111,6,"communications in education","california","11104",27503,9,"reorganizing society. no, i am not being flip.",19,37,2,18,"hampshire college",1250,26871,1,5,2,6,3,2,1,1,7,2,2,6,8,1,10,3,7,8,8,8,1,4,0.0827777777777778,31.5605555555556,14.2255555555556,17.5322222222222,18.9522222222222,7.75055555555556,9.97888888888889
360,0,14,6,"Other",24,18,4,0.222222222222222,0.222222222222222,0.555555555555556,6.0625,7.875,7.6,5.93333333333333,6.53333333333333,5.6,5.9375,5.8,2,0,0.611111111111111,0.111111111111111,0.222222222222222,0,0.0555555555555556,0,0.0555555555555555,3,"psychology","new delhi, india","110060",NA,3,"clinical psychologist",20,38,2,18,"jesus and mary college,delhi",NA,NA,8,4,2,6,2,9,7,6,9,7,8,9,9,1,7,6,7,7,10,10,7,8,0.0683333333333333,31.5605555555556,14.2255555555556,17.5322222222222,18.9522222222222,7.75055555555556,9.97888888888889
361,1,14,2,"European/Caucasian-American",34,20,1,0.05,0.2,0.1,4.16666666666667,6.61111111111111,6.88888888888889,4.77777777777778,6.75,4.46666666666667,4.66666666666667,5.16666666666667,2,0.05,0.4,0.1,0.3,0,0.1,0.05,0.4,1,"intellectual property law","bronx science","10469",35187,1,"intellectual property attorney",1,2,2,20,"columbia",1430,26908,5,5,2,6,6,3,1,3,5,9,10,3,3,4,10,6,8,9,7,7,3,2,0.408947368421053,19.5263157894737,18.2631578947368,19.4736842105263,16.1052631578947,14.9473684210526,11.6842105263158
362,1,14,2,"European/Caucasian-American",30,20,5,0.25,0.45,0.55,5.52631578947368,6.94736842105263,7.68421052631579,6.83333333333333,6.73684210526316,5.94117647058824,5.73684210526316,5.36842105263158,2,0.05,0.4,0.1,0.3,0,0.1,0.05,0.4,1,"law","spain",NA,NA,1,"law",2,4,2,20,"univeristy of barcelona",NA,NA,1,1,1,4,3,8,2,1,9,6,6,6,4,7,6,4,6,6,6,6,7,2,0.30421052631579,19.5263157894737,18.2631578947368,19.4736842105263,16.1052631578947,14.9473684210526,11.6842105263158
363,1,14,4,"Asian/Pacific Islander/Asian-American",23,20,2,0.1,0.25,0.6,5.10526315789474,7.63157894736842,7.21052631578947,5.8421052631579,6.63157894736842,4.3125,5.26315789473684,4.78947368421053,2,0.05,0.4,0.1,0.3,0,0.1,0.05,0.3,5,"engineering","nashville, tn","37204",26298,7,"investment banking",3,6,2,20,"lipscomb university",NA,NA,1,1,3,6,2,3,3,9,10,4,5,8,6,9,7,5,5,8,7,5,8,5,0.173157894736842,19.5263157894737,18.2631578947368,19.4736842105263,16.1052631578947,14.9473684210526,11.6842105263158
364,1,14,3,"Latino/Hispanic American",27,20,6,0.3,0.45,0.65,6.4,7.85,7.73684210526316,7.4,6.89473684210526,6.1,6.4,5.75,2,0.05,0.4,0.1,0.3,0,0.1,0.05,0.1,8,"mba finance","miami","34105",NA,7,"consulting",4,8,2,20,"florida international university",1110,10450,6,2,3,4,2,9,7,9,9,4,3,3,5,1,9,5,4,7,5,6,8,1,0.0863157894736842,19.5263157894737,18.2631578947368,19.4736842105263,16.1052631578947,14.9473684210526,11.6842105263158
365,1,14,2,"European/Caucasian-American",30,20,1,0.05,0.5,0.4,7,7.41176470588235,7.64705882352941,7.35294117647059,7.5,6.84615384615385,6.61111111111111,5.16666666666667,1.94444444444444,0.05,0.4,0.1,0.3,0,0.1,0.05,0.4,8,"mba","france","94130",NA,10,"make money",5,10,2,20,"hec france",NA,NA,1,1,1,2,1,7,3,3,9,9,10,8,4,8,8,1,5,7,9,10,5,5,0.33,19.5263157894737,18.2631578947368,19.4736842105263,16.1052631578947,14.9473684210526,11.6842105263158
366,1,14,2,"European/Caucasian-American",27,20,10,0.5,0.9,0.55,7.52631578947368,8.26315789473684,8.42105263157895,7.42105263157895,7.5625,7.33333333333333,7.68421052631579,6.1578947368421,1.94117647058824,0.05,0.4,0.1,0.3,0,0.1,0.05,0.4,8,"business","australia","3186",NA,6,"art management",6,12,2,20,"monash university - australia",NA,NA,4,6,1,4,1,6,6,4,8,9,9,7,6,8,9,4,6,7,10,10,8,6,0.302631578947368,19.5263157894737,18.2631578947368,19.4736842105263,16.1052631578947,14.9473684210526,11.6842105263158
367,1,14,2,"European/Caucasian-American",27,20,4,0.2,0.6,0.3,6.55555555555556,8.05555555555556,7.61111111111111,7,7.05882352941176,7.625,7.05555555555556,5.94444444444444,2,0.05,0.4,0.1,0.3,0,0.1,0.05,0.4,13,"international affairs","toronto, canada",NA,NA,13,"political development in africa",7,14,2,20,"harvard university",1400,26019,6,3,3,4,1,6,7,8,8,5,5,3,4,8,5,6,3,3,7,8,7,2,0.0242105263157895,19.5263157894737,18.2631578947368,19.4736842105263,16.1052631578947,14.9473684210526,11.6842105263158
368,1,14,6,"Other",24,20,6,0.3,0.55,0.55,6.35294117647059,7.88235294117647,7.47058823529412,7.52941176470588,7,7.06666666666667,6.94117647058824,6.35294117647059,2,0.05,0.4,0.1,0.3,0,0.1,0.05,0.1,13,"intrernational affairs","uk/turkey",NA,NA,6,"journalist",8,16,2,20,"cambridge university",NA,10800,1,1,1,4,2,4,6,4,8,9,7,3,8,9,9,9,7,9,8,9,8,4,0.219473684210526,19.5263157894737,18.2631578947368,19.4736842105263,16.1052631578947,14.9473684210526,11.6842105263158
369,1,14,2,"European/Caucasian-American",25,20,8,0.4,0.5,0.65,6.4,7,7,8,7,5.66666666666667,6.33333333333333,5.86666666666667,1.92857142857143,0.05,0.4,0.1,0.3,0,0.1,0.05,0.4,3,"clinical psychology","boston, ma","46818",31148,3,"clinical psychologist, researcher, professor",9,18,2,20,"boston college",1310,25026,1,8,2,5,3,2,6,2,6,7,7,7,1,1,10,3,7,5,6,8,1,1,0.292105263157895,19.5263157894737,18.2631578947368,19.4736842105263,16.1052631578947,14.9473684210526,11.6842105263158
370,1,14,2,"European/Caucasian-American",28,20,1,0.05,0.7,0.15,7.94117647058824,7.8235294117647,8.1875,7.64705882352941,7.58823529411765,6.93333333333333,7.35294117647059,5.6875,2,0.05,0.4,0.1,0.3,0,0.1,0.05,0.4,8,"mba","new york","11363",55704,7,"consulting",10,20,2,20,"cornell",1360,26062,7,4,3,4,1,7,8,7,7,6,6,3,1,6,7,2,2,2,5,9,4,1,0.0936842105263158,19.5263157894737,18.2631578947368,19.4736842105263,16.1052631578947,14.9473684210526,11.6842105263158
371,1,14,2,"European/Caucasian-American",27,20,4,0.2,0.5,0.35,7.3,7.3,7.26315789473684,6.94444444444444,7,5.77777777777778,6.55,5.05263157894737,2,0.05,0.4,0.1,0.3,0,0.1,0.05,0.4,8,"mba","chicago","60521",69487,9,"intl development",11,22,2,20,"illinois",NA,8421,3,1,5,7,1,10,7,7,3,3,3,3,3,3,4,5,3,6,10,10,1,7,0.0142105263157895,19.5263157894737,18.2631578947368,19.4736842105263,16.1052631578947,14.9473684210526,11.6842105263158
372,1,14,2,"European/Caucasian-American",27,20,3,0.15,0.5,0.3,6.64705882352941,6.94117647058824,7.41176470588235,6.88235294117647,6.3125,6.07692307692308,6.11764705882353,4.58823529411765,1.9375,0.05,0.4,0.1,0.3,0,0.1,0.05,0.4,8,"business","midwest usa","66208",46138,10,"undecided",12,24,2,20,"harvard college",1400,26019,9,7,2,5,2,9,10,8,9,9,9,7,4,2,9,6,8,6,7,7,4,2,0.12421052631579,19.5263157894737,18.2631578947368,19.4736842105263,16.1052631578947,14.9473684210526,11.6842105263158
373,1,14,3,"Latino/Hispanic American",29,20,4,0.2,0.65,0.3,8.52941176470588,8.11764705882353,8.0625,7.5625,8.125,7.07692307692308,7.11764705882353,6.52941176470588,2,0.05,0.4,0.1,0.3,0,0.1,0.05,0.1,8,"mba","costa rica","9971200",NA,7,"business consulting",13,26,2,20,"universidad de costa rica",NA,NA,3,1,2,5,2,7,5,8,8,7,6,3,5,9,8,2,3,4,5,9,8,2,0.123157894736842,19.5263157894737,18.2631578947368,19.4736842105263,16.1052631578947,14.9473684210526,11.6842105263158
374,1,14,4,"Asian/Pacific Islander/Asian-American",30,20,1,0.05,0.3,0.2,5.64705882352941,7.47058823529412,7.41176470588235,5.64705882352941,7.13333333333333,5.15384615384615,5.94117647058824,5.41176470588235,2,0.05,0.4,0.1,0.3,0,0.1,0.05,0.3,8,"business consulting","south korea","135110",NA,7,"consulting",14,28,2,20,"sogang university(korea)",NA,NA,6,6,2,4,2,10,10,8,7,8,8,5,5,6,5,6,9,10,9,8,4,4,0.106315789473684,19.5263157894737,18.2631578947368,19.4736842105263,16.1052631578947,14.9473684210526,11.6842105263158
375,1,14,2,"European/Caucasian-American",27,20,3,0.15,0.55,0.4,8.31578947368421,7,6.89473684210526,6.73684210526316,6.64705882352941,5.5,6.47368421052632,5.1578947368421,2,0.05,0.4,0.1,0.3,0,0.1,0.05,0.4,8,"mba","yugoslavia","0",NA,1,"private equity",15,30,2,20,"university of texas",990,10096,3,2,1,3,1,9,8,5,8,4,4,2,2,7,5,6,5,6,3,6,7,3,0.0594736842105263,19.5263157894737,18.2631578947368,19.4736842105263,16.1052631578947,14.9473684210526,11.6842105263158
376,1,14,4,"Asian/Pacific Islander/Asian-American",25,20,2,0.1,0.5,0.1,6.42105263157895,7.36842105263158,8.52631578947368,6.61111111111111,8.1578947368421,6,6.52631578947368,4.89473684210526,1.94736842105263,0.05,0.4,0.1,0.3,0,0.1,0.05,0.3,8,"business","los angeles","48098",66827,10,"still wondering",16,32,2,20,"u of southern california, economics",1320,25533,10,7,2,5,2,4,1,4,10,5,6,7,7,3,3,9,7,9,5,6,9,5,0.247894736842105,19.5263157894737,18.2631578947368,19.4736842105263,16.1052631578947,14.9473684210526,11.6842105263158
377,1,14,4,"Asian/Pacific Islander/Asian-American",26,20,1,0.05,0.15,0.25,5.55555555555556,6.61111111111111,6.94117647058824,5,6,4.85714285714286,4.83333333333333,4.61111111111111,2,0.05,0.4,0.1,0.3,0,0.1,0.05,0.3,8,"business school","new york","7039",NA,7,"investment management",17,34,2,20,"nyu",1340,25380,3,2,1,5,1,7,9,6,6,3,3,1,7,8,6,8,5,8,7,8,6,2,-0.0978947368421053,19.5263157894737,18.2631578947368,19.4736842105263,16.1052631578947,14.9473684210526,11.6842105263158
378,1,14,2,"European/Caucasian-American",29,20,1,0.05,0.35,0.2,6.55555555555556,7,7.05555555555556,6.41176470588235,6.3125,5.73333333333333,6.05555555555556,5.33333333333333,2,0.05,0.4,0.1,0.3,0,0.1,0.05,0.4,8,"mba","wisconsin","53012",42897,7,"finance related",18,36,2,20,"northwestern university",1159,25839,3,2,6,5,2,9,5,10,5,4,4,2,1,8,7,3,3,8,5,8,5,2,0.153157894736842,19.5263157894737,18.2631578947368,19.4736842105263,16.1052631578947,14.9473684210526,11.6842105263158
379,0,15,2,"European/Caucasian-American",38,19,2,0.105263157894737,0.526315789473684,0.263157894736842,6.29411764705882,7.05882352941176,7.70588235294118,6.5625,7.70588235294118,6.5,6.23529411764706,5.1875,1.94117647058824,0.0526315789473684,0.789473684210526,0.0526315789473684,0.105263157894737,0,0,0,0.789473684210526,8,"business, media","nyc, san francisco","95695",31809,7,"media marketing/entrepreneurship",1,1,2,19,"uc berkeley",1309,15162,4,6,2,7,2,4,4,6,7,8,8,7,2,2,6,7,7,9,6,6,3,5,0.25578947368421,33.1578947368421,13.7368421052632,19.0526315789474,17.9473684210526,7.1578947368421,8.94736842105263
380,0,15,1,"Black/African American",33,19,2,0.105263157894737,0.263157894736842,0.736842105263158,5.94444444444444,7.44444444444444,7.83333333333333,6.55555555555556,7.0625,6.05555555555556,6,4.88888888888889,1.94444444444444,0.0526315789473684,0.789473684210526,0.0526315789473684,0.105263157894737,0,0,0,0.0526315789473684,14,"mfa -film","chicago","60519",NA,6,"film directing",2,3,2,19,"university of michigan",1290,21645,4,8,2,7,4,7,8,8,8,5,5,3,1,5,5,7,7,10,9,9,9,9,0.154210526315789,33.1578947368421,13.7368421052632,19.0526315789474,17.9473684210526,7.1578947368421,8.94736842105263
381,0,15,2,"European/Caucasian-American",24,19,2,0.105263157894737,0.421052631578947,0.31578947368421,6.38888888888889,6.83333333333333,6.83333333333333,6.47058823529412,6.875,6.46153846153846,5.75,4.86111111111111,1.94444444444444,0.0526315789473684,0.789473684210526,0.0526315789473684,0.105263157894737,0,0,0,0.789473684210526,14,"film","california","92833",NA,6,"screenwriter",3,5,2,19,"nyu",1340,25380,6,3,5,4,1,5,5,5,7,8,8,6,5,6,9,6,4,8,7,8,8,7,0.17,33.1578947368421,13.7368421052632,19.0526315789474,17.9473684210526,7.1578947368421,8.94736842105263
382,0,15,2,"European/Caucasian-American",28,19,4,0.210526315789474,0.421052631578947,0.526315789473684,6.22222222222222,6.88235294117647,6.88888888888889,5.55555555555556,6.64705882352941,5.6875,6,5.38888888888889,1.94117647058824,0.0526315789473684,0.789473684210526,0.0526315789473684,0.105263157894737,0,0,0,0.789473684210526,14,"film","new york city","10028",52010,6,"filmmaker",4,7,2,19,"school of the arts",NA,NA,8,1,2,7,3,6,5,10,10,9,9,6,8,3,8,10,8,10,9,9,9,1,0.143684210526316,33.1578947368421,13.7368421052632,19.0526315789474,17.9473684210526,7.1578947368421,8.94736842105263
383,0,15,2,"European/Caucasian-American",27,19,4,0.210526315789474,0.578947368421053,0.368421052631579,6.33333333333333,7.77777777777778,6.66666666666667,6.66666666666667,6.4,5.46153846153846,6.58333333333333,6.66666666666667,2,0.0526315789473684,0.789473684210526,0.0526315789473684,0.105263157894737,0,0,0,0.789473684210526,9,"higher ed. - m.a.","massachusetts","1040",NA,7,"director of admissions",5,9,2,19,"smith college",1260,24742,10,5,3,6,2,9,7,9,9,8,8,5,1,5,6,9,4,9,8,7,7,4,0.211578947368421,33.1578947368421,13.7368421052632,19.0526315789474,17.9473684210526,7.1578947368421,8.94736842105263
384,0,15,2,"European/Caucasian-American",23,19,7,0.368421052631579,0.68421052631579,0.578947368421053,7,7.52631578947368,7.31578947368421,8.10526315789474,6.72222222222222,7.15625,7.1578947368421,6.61111111111111,2,0.0526315789473684,0.789473684210526,0.0526315789473684,0.105263157894737,0,0,0,0.789473684210526,9,"education","connecticut","6019",NA,10,"undecided",6,11,2,19,"bowdoin college",1370,25890,9,6,2,5,3,8,5,7,9,10,10,3,3,7,6,7,10,10,5,6,6,3,0.213157894736842,33.1578947368421,13.7368421052632,19.0526315789474,17.9473684210526,7.1578947368421,8.94736842105263
385,0,15,2,"European/Caucasian-American",25,19,7,0.368421052631579,0.526315789473684,0.578947368421053,7.05263157894737,7.8421052631579,6.8421052631579,7.21052631578947,6.5,6.28571428571429,6.8421052631579,6,2,0.0526315789473684,0.789473684210526,0.0526315789473684,0.105263157894737,0,0,0,0.789473684210526,9,"elementary education","oregon","91011",78704,2,"elementary education teaching",7,13,2,19,"university of oregon",1105,14493,5,8,2,5,3,7,5,8,10,10,10,10,6,8,9,6,10,10,8,10,9,8,0.280526315789474,33.1578947368421,13.7368421052632,19.0526315789474,17.9473684210526,7.1578947368421,8.94736842105263
386,0,15,2,"European/Caucasian-American",26,19,2,0.105263157894737,0.31578947368421,0.578947368421053,5.63157894736842,8.05263157894737,7.68421052631579,6.78947368421053,6.625,5.8125,6.10526315789474,5.68421052631579,2,0.0526315789473684,0.789473684210526,0.0526315789473684,0.105263157894737,0,0,0,0.789473684210526,3,"school psychology","new york","11023",75347,3,"school psychologist",8,15,2,19,"brown",1400,27395,4,2,2,7,2,1,3,5,8,7,7,2,5,7,8,8,9,9,8,8,8,3,0.0231578947368421,33.1578947368421,13.7368421052632,19.0526315789474,17.9473684210526,7.1578947368421,8.94736842105263
387,0,15,2,"European/Caucasian-American",25,19,8,0.421052631578947,0.736842105263158,0.526315789473684,8.18421052631579,7.66666666666667,7.52631578947368,7.75,7.05882352941176,6,7.31578947368421,6.05263157894737,2,0.0526315789473684,0.789473684210526,0.0526315789473684,0.105263157894737,0,0,0,0.789473684210526,3,"school psychology","new jersey","7069",NA,3,"school psychologist",9,17,2,19,"holy cross",1258,25020,5,2,2,7,2,5,5,8,8,6,6,4,3,8,7,7,8,8,7,7,8,2,0.0905263157894737,33.1578947368421,13.7368421052632,19.0526315789474,17.9473684210526,7.1578947368421,8.94736842105263
388,0,15,2,"European/Caucasian-American",24,19,1,0.0526315789473684,0.473684210526316,0.0526315789473684,6.97368421052632,6.55555555555556,6.55263157894737,6.94117647058824,6.58823529411765,5.53846153846154,5.97368421052632,4.86842105263158,2,0.0526315789473684,0.789473684210526,0.0526315789473684,0.105263157894737,0,0,0,0.789473684210526,3,"counseling psychology","san francisco, ca","94960",47005,3,"school counseling",10,19,2,19,"colgate university",1365,27025,1,6,2,4,2,7,4,8,7,3,3,5,3,4,7,6,6,7,6,6,6,4,0.234210526315789,33.1578947368421,13.7368421052632,19.0526315789474,17.9473684210526,7.1578947368421,8.94736842105263
389,0,15,2,"European/Caucasian-American",21,19,8,0.421052631578947,0.894736842105263,0.421052631578947,7.61111111111111,7.27777777777778,7.77777777777778,7.86111111111111,7.3235294117647,5.29411764705882,7.33333333333333,6.35294117647059,2,0.0526315789473684,0.789473684210526,0.0526315789473684,0.105263157894737,0,0,0,0.789473684210526,1,"law","florida and virginia","33414",52805,1,"attorney?",11,21,2,19,"mary baldwin college",1030,15990,1,1,2,3,1,7,8,5,8,7,7,10,2,1,10,7,8,8,10,10,7,8,0.245263157894737,33.1578947368421,13.7368421052632,19.0526315789474,17.9473684210526,7.1578947368421,8.94736842105263
390,0,15,4,"Asian/Pacific Islander/Asian-American",30,19,3,0.157894736842105,0.157894736842105,0.947368421052632,3.61111111111111,5.94444444444444,6.30555555555556,4.27777777777778,6.23529411764706,2.625,4.27777777777778,5.27777777777778,2,0.0526315789473684,0.789473684210526,0.0526315789473684,0.105263157894737,0,0,0,0.105263157894737,9,"neuroscience and education","hong kong","0",NA,2,"academic",12,23,2,19,"columbia",1430,26908,1,10,6,4,3,6,1,6,10,6,6,8,1,4,10,6,8,8,8,8,4,6,0.347894736842105,33.1578947368421,13.7368421052632,19.0526315789474,17.9473684210526,7.1578947368421,8.94736842105263
391,0,15,2,"European/Caucasian-American",28,19,1,0.0526315789473684,0.526315789473684,0.105263157894737,6.52631578947368,6.8421052631579,7.38888888888889,6.64705882352941,6.53333333333333,6.78571428571429,6.39473684210526,5.52777777777778,2,0.0526315789473684,0.789473684210526,0.0526315789473684,0.105263157894737,0,0,0,0.789473684210526,6,"creative writing","maryland","20852",50725,6,"writer",13,25,2,19,"brown",1400,27395,1,5,1,4,1,8,1,6,8,6,7,9,1,9,9,1,3,5,5,5,4,2,0.265263157894737,33.1578947368421,13.7368421052632,19.0526315789474,17.9473684210526,7.1578947368421,8.94736842105263
392,0,15,2,"European/Caucasian-American",26,19,2,0.105263157894737,0.473684210526316,0.31578947368421,6,7.63157894736842,7.22222222222222,7.10526315789474,7,6.46666666666667,6.52631578947368,6.1578947368421,2,0.0526315789473684,0.789473684210526,0.0526315789473684,0.105263157894737,0,0,0,0.789473684210526,6,"creative writing - nonfiction","new york, ny","10128",49409,6,"writer/teacher",14,27,2,19,"columbia",1430,26908,6,1,5,4,3,4,3,3,9,10,9,9,1,3,10,6,8,10,5,10,7,7,0.275789473684211,33.1578947368421,13.7368421052632,19.0526315789474,17.9473684210526,7.1578947368421,8.94736842105263
393,0,15,2,"European/Caucasian-American",22,19,5,0.263157894736842,0.31578947368421,0.631578947368421,5.11111111111111,7.83333333333333,7.61111111111111,6.44444444444444,6.47058823529412,6.14285714285714,5.88888888888889,5.66666666666667,2,0.0526315789473684,0.789473684210526,0.0526315789473684,0.105263157894737,0,0,0,0.789473684210526,6,"writing: literary nonfiction","long island","11733",65693,6,"writing or editorial",15,29,2,19,"smith college",1260,24742,4,8,1,7,1,3,2,3,5,9,9,4,3,4,9,6,7,8,7,7,5,4,0.18,33.1578947368421,13.7368421052632,19.0526315789474,17.9473684210526,7.1578947368421,8.94736842105263
394,0,15,2,"European/Caucasian-American",24,19,1,0.0526315789473684,0.263157894736842,0.210526315789474,5.44444444444444,7.11111111111111,6.83333333333333,5.88888888888889,5.70588235294118,5.46666666666667,5.5,4.88888888888889,2,0.0526315789473684,0.789473684210526,0.0526315789473684,0.105263157894737,0,0,0,0.789473684210526,6,"creative writing (nonfiction)","san francisco bay area","94403",45736,6,"writer/editor",16,31,2,19,"wesleyan university",1380,27100,1,6,2,4,2,3,1,4,9,8,8,10,1,1,10,6,9,9,8,7,7,2,0.234736842105263,33.1578947368421,13.7368421052632,19.0526315789474,17.9473684210526,7.1578947368421,8.94736842105263
395,0,15,2,"European/Caucasian-American",33,19,2,0.105263157894737,0.263157894736842,0.368421052631579,5.68421052631579,6.89473684210526,7.05263157894737,6.27777777777778,6.55555555555556,5.53333333333333,5.5,4.31578947368421,2,0.0526315789473684,0.789473684210526,0.0526315789473684,0.105263157894737,0,0,0,0.789473684210526,6,"nonfiction writing","los angeles","16803",33906,6,"writer/editor",17,33,2,19,"penn state university",NA,14388,1,2,3,4,2,3,4,4,10,8,8,6,1,8,9,3,10,10,7,9,7,8,0.246842105263158,33.1578947368421,13.7368421052632,19.0526315789474,17.9473684210526,7.1578947368421,8.94736842105263
396,0,15,4,"Asian/Pacific Islander/Asian-American",25,19,2,0.105263157894737,0.263157894736842,0.631578947368421,5.29411764705882,7,6.76470588235294,5.8235294117647,6.1875,5.35714285714286,5.41176470588235,5.35294117647059,1.9375,0.0526315789473684,0.789473684210526,0.0526315789473684,0.105263157894737,0,0,0,0.105263157894737,15,"theatre management & producing","hawaii and los angeles","96701",50501,6,"producer at a non-profit regional theatre",18,35,2,19,"occidental college",1011,9729,1,5,2,7,2,3,8,7,10,10,10,7,7,7,10,9,10,10,10,10,7,7,0.0863157894736842,33.1578947368421,13.7368421052632,19.0526315789474,17.9473684210526,7.1578947368421,8.94736842105263
397,1,15,2,"European/Caucasian-American",24,18,3,0.166666666666667,0.333333333333333,0.722222222222222,5.72222222222222,7.72222222222222,7.44444444444444,5.5,7.3125,5.61538461538461,5.94444444444444,5.38888888888889,2,0.0555555555555556,0.833333333333333,0,0.111111111111111,0,0,0,0.833333333333333,1,"law","new jersey","7675",NA,1,"lawyer",1,2,2,18,"george washington university",NA,26170,3,2,2,5,2,9,8,8,6,7,7,6,2,6,7,5,7,8,4,7,5,1,0.216666666666667,19.3333333333333,17.7222222222222,20.7777777777778,17.3888888888889,12.0555555555556,12.7222222222222
398,1,15,2,"European/Caucasian-American",29,18,6,0.333333333333333,0.666666666666667,0.388888888888889,7.11111111111111,7.33333333333333,7.47058823529412,8.35294117647059,7.07692307692308,6.6,7.16666666666667,6.19444444444444,1.94444444444444,0.0555555555555556,0.833333333333333,0,0.111111111111111,0,0,0,0.833333333333333,8,"business (mba)","italy","9012",NA,7,"consultin \ management",2,4,2,18,"cagliari - italy",NA,NA,7,2,2,3,1,4,1,2,10,7,7,9,9,8,7,7,7,9,6,5,6,2,0.179444444444444,19.3333333333333,17.7222222222222,20.7777777777778,17.3888888888889,12.0555555555556,12.7222222222222
399,1,15,2,"European/Caucasian-American",29,18,1,0.0555555555555555,0.333333333333333,0.0555555555555555,6.9,6.8,7.4,6.5,7.625,6,6.1,6.2,2,0.0555555555555556,0.833333333333333,0,0.111111111111111,0,0,0,0.833333333333333,8,"business","chicago","60611",48785,7,"consulting",3,6,2,18,"university of wisconsin-madison",NA,12900,1,1,2,4,2,9,2,9,9,9,9,7,3,5,9,1,6,7,8,10,3,8,0.382777777777778,19.3333333333333,17.7222222222222,20.7777777777778,17.3888888888889,12.0555555555556,12.7222222222222
400,1,15,2,"European/Caucasian-American",26,18,6,0.333333333333333,0.777777777777778,0.444444444444444,7.11111111111111,7.66666666666667,8.05555555555556,7.1764705882353,8.35294117647059,6.91666666666667,7.02777777777778,5.33333333333333,2,0.0555555555555556,0.833333333333333,0,0.111111111111111,0,0,0,0.833333333333333,8,"business","italy","80136",NA,7,"entrepreneur",4,8,2,18,"bocconi university milan",NA,NA,7,7,5,4,2,7,4,7,7,6,6,6,1,8,7,1,7,7,6,7,1,1,0.302222222222222,19.3333333333333,17.7222222222222,20.7777777777778,17.3888888888889,12.0555555555556,12.7222222222222
401,1,15,2,"European/Caucasian-American",31,18,1,0.0555555555555555,0.5,0.0555555555555555,6.33333333333333,8.27777777777778,8.22222222222222,6.05882352941176,8,5.71428571428571,6.16666666666667,5.11111111111111,2,0.0555555555555556,0.833333333333333,0,0.111111111111111,0,0,0,0.833333333333333,8,"business","germany","10025",NA,7,"consulting",5,10,2,18,"university of karlsruhe/germany",NA,NA,1,1,2,4,1,10,1,4,8,8,8,8,2,5,5,1,8,8,10,10,7,3,0.381111111111111,19.3333333333333,17.7222222222222,20.7777777777778,17.3888888888889,12.0555555555556,12.7222222222222
402,1,15,4,"Asian/Pacific Islander/Asian-American",29,18,1,0.0555555555555555,0.111111111111111,0.611111111111111,5.11111111111111,8.33333333333333,8.16666666666667,6.55555555555556,8.4375,5,5.33333333333333,4.72222222222222,2,0.0555555555555556,0.833333333333333,0,0.111111111111111,0,0,0,0.111111111111111,2,"mathematics","korea",NA,NA,7,"financial mathematics-investment bank or hedge fund-derivatives quant analyst",6,12,2,18,"university of illinois/champaign",NA,13046,1,1,3,4,2,10,2,6,9,6,6,9,7,4,3,3,5,8,4,4,6,9,0.0255555555555556,19.3333333333333,17.7222222222222,20.7777777777778,17.3888888888889,12.0555555555556,12.7222222222222
403,1,15,2,"European/Caucasian-American",22,18,1,0.0555555555555555,0.166666666666667,0.611111111111111,4.88888888888889,8.16666666666667,8.05882352941176,6.05882352941176,7,4.69230769230769,5.33333333333333,5.35294117647059,2,0.0555555555555556,0.833333333333333,0,0.111111111111111,0,0,0,0.833333333333333,5,"financial engineering","paris","78100",NA,7,"work in an investment bank",7,14,2,18,"supaero (france)",NA,NA,6,6,5,5,3,9,8,3,7,4,3,5,3,3,5,6,5,8,3,6,2,1,0.0655555555555555,19.3333333333333,17.7222222222222,20.7777777777778,17.3888888888889,12.0555555555556,12.7222222222222
404,1,15,2,"European/Caucasian-American",23,18,9,0.5,0.611111111111111,0.722222222222222,8.30555555555556,8.33333333333333,7.76470588235294,6.88888888888889,7.35714285714286,5.84615384615385,6.72222222222222,5.9375,2,0.0555555555555556,0.833333333333333,0,0.111111111111111,0,0,0,0.833333333333333,5,"financial engineering","france","78230",NA,7,"investment banking",8,16,2,18,"ecole polytechnique (france)",NA,NA,1,4,2,5,2,10,5,8,10,8,8,9,7,9,8,4,5,8,7,8,6,3,0.102777777777778,19.3333333333333,17.7222222222222,20.7777777777778,17.3888888888889,12.0555555555556,12.7222222222222
405,1,15,1,"Black/African American",30,18,0,0,0.277777777777778,0.222222222222222,5.38888888888889,8.33333333333333,8.38888888888889,6.72222222222222,8.29411764705882,6.21428571428571,5.72222222222222,4.94444444444444,2,0.0555555555555556,0.833333333333333,0,0.111111111111111,0,0,0,0.0555555555555555,13,"international affairs","new york city","10021",55080,9,"diplomat / int'l civil servant",9,18,2,18,"university of vermont",1130,20100,1,1,4,5,5,6,1,6,9,8,9,2,6,8,8,6,10,9,7,9,9,5,0.417777777777778,19.3333333333333,17.7222222222222,20.7777777777778,17.3888888888889,12.0555555555556,12.7222222222222
406,1,15,4,"Asian/Pacific Islander/Asian-American",27,18,5,0.277777777777778,0.333333333333333,0.777777777777778,5.77777777777778,7.38888888888889,8.05882352941176,7.94117647058824,8,6.28125,6.38888888888889,5.38888888888889,2,0.0555555555555556,0.833333333333333,0,0.111111111111111,0,0,0,0.111111111111111,8,"business","minneapolis","400051",NA,7,"finance",10,20,2,18,"univ. of bombay",NA,NA,1,1,1,6,2,4,6,8,9,6,7,8,6,6,7,7,8,9,7,10,2,1,0.311111111111111,19.3333333333333,17.7222222222222,20.7777777777778,17.3888888888889,12.0555555555556,12.7222222222222
407,1,15,2,"European/Caucasian-American",24,18,2,0.111111111111111,0.722222222222222,0.222222222222222,7.11111111111111,8.77777777777778,8.11111111111111,6.88888888888889,7.4375,7.53333333333333,7.11111111111111,6,1.83333333333333,0.0555555555555556,0.833333333333333,0,0.111111111111111,0,0,0,0.833333333333333,14,"film","new jersey","7901",NA,6,"screenwriter",11,22,2,18,"georgetown university",1400,25425,1,1,3,4,2,8,4,7,9,9,9,7,4,2,9,5,7,10,9,9,7,7,0.547777777777778,19.3333333333333,17.7222222222222,20.7777777777778,17.3888888888889,12.0555555555556,12.7222222222222
408,1,15,3,"Latino/Hispanic American",24,18,5,0.277777777777778,0.5,0.444444444444444,6.72222222222222,7.05555555555556,6.88888888888889,7,7.22222222222222,6.42857142857143,6.16666666666667,5.5,1.94444444444444,0.0555555555555556,0.833333333333333,0,0.111111111111111,0,0,0,0,13,"international affairs","nyc","0",NA,9,"diplomat/business",12,24,2,18,"gw",NA,26170,1,1,2,7,1,7,7,9,8,9,8,3,5,1,6,2,4,8,6,10,2,1,0.244444444444444,19.3333333333333,17.7222222222222,20.7777777777778,17.3888888888889,12.0555555555556,12.7222222222222
409,1,15,2,"European/Caucasian-American",23,18,5,0.277777777777778,0.611111111111111,0.277777777777778,6.83333333333333,8.41176470588235,7.9375,7.35294117647059,7.38461538461539,6.93333333333333,6.61111111111111,6.05555555555556,2,0.0555555555555556,0.833333333333333,0,0.111111111111111,0,0,0,0.833333333333333,5,"biomedical engineering","france",NA,NA,2,"research - teaching",13,26,2,18,"ecole polytechnique",NA,NA,5,5,2,6,3,10,4,1,4,7,8,10,2,8,7,2,6,8,10,10,5,2,0.208888888888889,19.3333333333333,17.7222222222222,20.7777777777778,17.3888888888889,12.0555555555556,12.7222222222222
410,1,15,2,"European/Caucasian-American",27,18,3,0.166666666666667,0.722222222222222,0.222222222222222,7.22222222222222,8.05555555555556,8.11111111111111,7.64705882352941,7.42857142857143,6.92857142857143,7.05555555555556,6.05555555555556,2,0.0555555555555556,0.833333333333333,0,0.111111111111111,0,0,0,0.833333333333333,8,"business","austin, tx","10021",55080,7,"business",14,28,2,18,"cornell university",1360,26062,8,8,1,5,1,10,8,5,8,1,1,8,10,1,8,2,2,4,4,5,1,1,-0.258333333333333,19.3333333333333,17.7222222222222,20.7777777777778,17.3888888888889,12.0555555555556,12.7222222222222
411,1,15,2,"European/Caucasian-American",34,18,1,0.0555555555555555,0.5,0.222222222222222,7.02777777777778,7.77777777777778,8,7.83333333333333,8.26666666666667,6.78571428571429,6.61111111111111,5.55555555555556,2,0.0555555555555556,0.833333333333333,0,0.111111111111111,0,0,0,0.833333333333333,8,"finance","washington dc","20817",80006,7,"m&a advisory",15,30,2,18,"the american university",1206,22481,8,2,3,4,1,7,6,6,7,7,6,3,3,1,8,1,7,6,7,10,8,3,0.354444444444444,19.3333333333333,17.7222222222222,20.7777777777778,17.3888888888889,12.0555555555556,12.7222222222222
412,1,15,2,"European/Caucasian-American",27,18,4,0.222222222222222,0.333333333333333,0.5,5.72222222222222,7.44444444444444,7.61111111111111,6.70588235294118,7.5,5.58333333333333,6.05555555555556,5.5,2,0.0555555555555556,0.833333333333333,0,0.111111111111111,0,0,0,0.833333333333333,8,"business","new jersey","7032",NA,7,"millionaire",16,32,2,18,NA,NA,NA,1,1,1,5,2,10,10,10,5,8,8,0,7,3,8,6,5,5,8,8,4,4,-0.0616666666666667,19.3333333333333,17.7222222222222,20.7777777777778,17.3888888888889,12.0555555555556,12.7222222222222
413,1,15,2,"European/Caucasian-American",26,18,1,0.0555555555555555,0.611111111111111,0.0555555555555555,6.88888888888889,8.05555555555556,7.94444444444444,7,7.6,6.30769230769231,7.11111111111111,5.33333333333333,2,0.0555555555555556,0.833333333333333,0,0.111111111111111,0,0,0,0.833333333333333,8,"business","woburn, ma","1801",NA,8,"real estate",17,34,2,18,"harvard",1400,26019,5,3,1,NA,2,6,7,5,7,5,3,5,5,4,6,8,6,9,6,6,7,0,0.185,19.3333333333333,17.7222222222222,20.7777777777778,17.3888888888889,12.0555555555556,12.7222222222222
414,1,15,2,"European/Caucasian-American",29,18,8,0.444444444444444,0.444444444444444,1,6.47058823529412,7.47058823529412,7.8125,6.05882352941176,7.8235294117647,4.92857142857143,5.76470588235294,4.52941176470588,2,0.0555555555555556,0.833333333333333,0,0.111111111111111,0,0,0,0.833333333333333,8,"business","new jersey","10021",55080,7,"business",18,36,2,18,"princeton",1460,27230,2,10,6,1,1,10,5,9,5,0,0,5,5,0,8,7,0,0,0,1,2,0,-0.223888888888889,19.3333333333333,17.7222222222222,20.7777777777778,17.3888888888889,12.0555555555556,12.7222222222222
415,1,15,2,"European/Caucasian-American",31,18,1,0.0555555555555555,0.0555555555555555,1,3.9375,4.5625,4.875,3.875,5.1875,2.25,2.9375,4.26666666666667,2,0.0555555555555556,0.833333333333333,0,0.111111111111111,0,0,0,0.833333333333333,8,"mba","atlanta, ga","30066",52318,7,"trader",19,37,2,18,"ga tech",1331,12350,3,1,1,4,2,1,1,6,6,7,5,1,1,3,10,1,6,6,3,7,1,1,0.480555555555556,19.3333333333333,17.7222222222222,20.7777777777778,17.3888888888889,12.0555555555556,12.7222222222222
416,0,16,3,"Latino/Hispanic American",25,8,6,0.75,0.875,0.75,7.25,7.625,7.625,7.625,7.5,6.85714285714286,7.625,6.625,2,0,0.75,0,0.25,0,0,0,0,3,"psychology","miami","33156",62844,3,"clinical psychologist",1,1,1,8,"harvard",1400,26019,3,3,6,4,1,4,1,8,8,7,6,6,1,8,7,8,5,7,5,10,4,3,0.38625,31.625,16.625,20.875,14.25,10.875,8.25
417,0,16,2,"European/Caucasian-American",29,8,1,0.125,0.125,0.375,5.25,8,7.375,6,6.375,5.85714285714286,6.125,6.25,2,0,0.75,0,0.25,0,0,0,0.75,3,"psychology","greece/germany",NA,NA,3,"clinical psychologist",2,3,1,8,"university of heidelberg",NA,NA,1,1,1,5,3,6,1,4,5,8,8,8,3,5,7,2,6,7,7,6,3,8,0.3325,31.625,16.625,20.875,14.25,10.875,8.25
418,0,16,4,"Asian/Pacific Islander/Asian-American",25,8,0,0,0.625,0,6.75,7.875,8.125,7.25,7.28571428571429,6.14285714285714,7.5625,6.1875,2,0,0.75,0,0.25,0,0,0,0.25,1,"law","new york","11040",52586,1,"lawyer",3,5,1,8,"cornell university",1360,26062,7,3,6,7,2,2,2,5,9,7,8,6,5,6,10,8,8,10,7,9,7,7,0.24125,31.625,16.625,20.875,14.25,10.875,8.25
419,0,16,2,"European/Caucasian-American",28,8,1,0.125,0.125,0.5,6.28571428571429,8.28571428571429,8.14285714285714,6.28571428571429,7.42857142857143,6.71428571428571,6,5.42857142857143,2,0,0.75,0,0.25,0,0,0,0.75,11,"social work","colorado","80220",29236,11,"social work policy",4,7,1,8,"bennington college",1191,25000,0,1,4,2,1,6,2,5,8,5,6,5,2,9,9,8,9,9,6,6,4,7,0.3,31.625,16.625,20.875,14.25,10.875,8.25
420,0,16,2,"European/Caucasian-American",22,8,2,0.25,0.875,0.25,7.5,7.625,7.875,7.75,7.125,6.625,7.3125,6.5,2,0,0.75,0,0.25,0,0,0,0.75,11,"social work","indiana","47920",31486,11,"social worker",5,9,1,8,"notre dame",1360,24497,1,1,5,4,2,8,4,5,10,8,8,7,4,3,9,7,8,7,4,5,6,4,0.4,31.625,16.625,20.875,14.25,10.875,8.25
421,0,16,4,"Asian/Pacific Islander/Asian-American",25,8,2,0.25,0.5,0.5,6.875,6.875,7,6.125,6.14285714285714,5.375,6.25,5.375,2,0,0.75,0,0.25,0,0,0,0.25,11,"social work","california","91011",78704,11,"social worker",6,11,1,8,"csun",914,9790,5,5,1,4,3,1,1,1,8,5,5,1,5,5,5,8,10,10,5,10,10,5,0.05125,31.625,16.625,20.875,14.25,10.875,8.25
422,1,16,2,"European/Caucasian-American",26,6,4,0.666666666666667,0.833333333333333,0.833333333333333,6.5,8,7.5,7.33333333333333,7.83333333333333,5.83333333333333,6.83333333333333,6.5,2,0,0.5,0.166666666666667,0.333333333333333,0,0,0,0.5,8,"fundraising management","florida","33021",31632,7,"fundraising for non-profits",1,2,1,6,"yeshiva university",NA,14600,6,7,2,4,2,7,2,8,9,9,9,10,2,4,7,5,9,8,6,6,7,9,0.478333333333333,14.1666666666667,19.1666666666667,26.6666666666667,14.1666666666667,9.16666666666667,16.6666666666667
423,1,16,2,"European/Caucasian-American",30,6,2,0.333333333333333,0.333333333333333,0.5,6.16666666666667,7.33333333333333,7.33333333333333,5.83333333333333,7.16666666666667,4.2,5.6,5,2,0,0.5,0.166666666666667,0.333333333333333,0,0,0,0.5,8,"business","canada",NA,NA,7,"money management",2,4,1,6,"yale",1450,26100,1,1,2,4,1,9,2,9,8,7,7,7,6,5,9,5,5,8,7,5,5,4,0.3,14.1666666666667,19.1666666666667,26.6666666666667,14.1666666666667,9.16666666666667,16.6666666666667
424,1,16,4,"Asian/Pacific Islander/Asian-American",24,6,2,0.333333333333333,0.5,0.666666666666667,5.16666666666667,8,7.83333333333333,6,6.83333333333333,5.4,5.83333333333333,6.33333333333333,2,0,0.5,0.166666666666667,0.333333333333333,0,0,0,0.333333333333333,5,"biomedical engineering","tn","0",NA,2,"research",3,6,1,6,"bombay, india",NA,NA,4,4,2,6,3,7,7,7,7,5,5,6,7,5,5,7,5,8,5,7,8,5,-0.171666666666667,14.1666666666667,19.1666666666667,26.6666666666667,14.1666666666667,9.16666666666667,16.6666666666667
425,1,16,2,"European/Caucasian-American",28,6,0,0,0,0.666666666666667,3.41666666666667,6.33333333333333,7.41666666666667,4.16666666666667,7.83333333333333,4.2,5,6,2,0,0.5,0.166666666666667,0.333333333333333,0,0,0,0.5,8,"business (finance & marketing)","new york, ny","20854",106663,7,"general management",4,8,1,6,"cornell university",1360,26062,3,7,2,4,2,7,8,8,8,7,6,5,2,7,5,5,6,7,5,7,2,2,0.115,14.1666666666667,19.1666666666667,26.6666666666667,14.1666666666667,9.16666666666667,16.6666666666667
426,1,16,2,"European/Caucasian-American",24,6,1,0.166666666666667,0.166666666666667,0.333333333333333,3.5,4.16666666666667,6.66666666666667,4.83333333333333,7.83333333333333,3.5,3.83333333333333,3.5,2,0,0.5,0.166666666666667,0.333333333333333,0,0,0,0.5,8,"mba","new jersey","7410",NA,13,"lobbyist",5,10,1,6,"john hopkins",1410,26720,4,7,2,2,1,7,2,7,8,6,4,3,2,6,5,3,7,6,6,6,4,2,0.395,14.1666666666667,19.1666666666667,26.6666666666667,14.1666666666667,9.16666666666667,16.6666666666667
427,1,16,2,"European/Caucasian-American",28,6,0,0,0.166666666666667,0,5.66666666666667,7.33333333333333,7,4.83333333333333,6.33333333333333,4.66666666666667,4.83333333333333,5.16666666666667,2,0,0.5,0.166666666666667,0.333333333333333,0,0,0,0.5,13,"international affairs","california","90272",84043,15,"energy",6,12,1,6,"ucsb",1200,14915,1,1,1,7,3,10,1,10,8,7,7,9,1,3,8,1,4,5,7,10,1,10,0.265,14.1666666666667,19.1666666666667,26.6666666666667,14.1666666666667,9.16666666666667,16.6666666666667
428,1,16,4,"Asian/Pacific Islander/Asian-American",27,6,2,0.333333333333333,0.666666666666667,0.666666666666667,6,7.5,8.33333333333333,6.83333333333333,8.66666666666667,6.66666666666667,7,6.5,2,0,0.5,0.166666666666667,0.333333333333333,0,0,0,0.333333333333333,8,"mba","new york","11432",35224,7,"management consulting",7,13,1,6,"university of chicago",NA,26775,8,8,3,2,1,6,5,5,9,6,7,6,5,6,7,5,6,7,5,7,7,3,0.478333333333333,14.1666666666667,19.1666666666667,26.6666666666667,14.1666666666667,9.16666666666667,16.6666666666667
429,1,16,2,"European/Caucasian-American",27,6,1,0.166666666666667,0.5,0.5,6.83333333333333,6.66666666666667,6.83333333333333,5.83333333333333,7.83333333333333,4,5.83333333333333,6.16666666666667,2,0,0.5,0.166666666666667,0.333333333333333,0,0,0,0.5,8,"business","pittsburgh, pa","15146",36381,7,"investment management",8,14,1,6,"duquesne university",1080,17478,1,1,2,2,2,7,8,8,9,8,8,8,6,7,9,8,8,8,8,8,7,6,0.421666666666667,14.1666666666667,19.1666666666667,26.6666666666667,14.1666666666667,9.16666666666667,16.6666666666667
430,0,17,4,"Asian/Pacific Islander/Asian-American",22,14,0,0,0.642857142857143,0,6.14285714285714,7.07142857142857,6.5,5.92857142857143,5.64285714285714,4.92307692307692,6.28571428571429,5.57142857142857,2,0,0.5,0.142857142857143,0.285714285714286,0,0.0714285714285714,0,0.285714285714286,9,"elementary education - preservice","california","94539",65498,2,"elementary school teacher",1,1,2,14,"uc irvine",NA,15260,3,10,1,6,2,10,10,10,6,3,2,4,2,4,4,8,9,9,8,8,5,4,0.148571428571429,35,17.4285714285714,16.7142857142857,20.1428571428571,3,7.71428571428571
431,0,17,4,"Asian/Pacific Islander/Asian-American",27,14,2,0.142857142857143,0.5,0.214285714285714,5.78571428571429,5.78571428571429,6.42857142857143,4.5,7.14285714285714,4.21428571428571,5.07142857142857,4.07142857142857,2,0,0.5,0.142857142857143,0.285714285714286,0,0.0714285714285714,0,0.285714285714286,9,"education leadership - public school administration","southern california","92843",NA,7,"public school principal",2,3,2,14,"cal state univ., long beach",NA,8100,5,8,2,7,3,10,9,7,10,10,10,10,5,4,10,7,7,5,8,10,10,3,0.0514285714285714,35,17.4285714285714,16.7142857142857,20.1428571428571,3,7.71428571428571
432,0,17,2,"European/Caucasian-American",28,14,6,0.428571428571429,0.5,0.928571428571429,6.57142857142857,7.78571428571429,7.5,6.5,5.78571428571429,5.53846153846154,6.5,5.78571428571429,2,0,0.5,0.142857142857143,0.285714285714286,0,0.0714285714285714,0,0.5,11,"social work","hastings-on-hudson, ny","10706",60000,11,"social worker",3,5,2,14,"oberlin college",1340,26580,1,1,4,6,3,2,2,2,10,10,10,7,1,6,6,4,9,8,8,7,5,5,0.172142857142857,35,17.4285714285714,16.7142857142857,20.1428571428571,3,7.71428571428571
433,0,17,6,"Other",30,14,2,0.142857142857143,0.428571428571429,0.214285714285714,5.14285714285714,6.92857142857143,6.78571428571429,6.71428571428571,5.92857142857143,5.07142857142857,5.64285714285714,5.07142857142857,2.38461538461538,0,0.5,0.142857142857143,0.285714285714286,0,0.0714285714285714,0,0.0714285714285714,15,"mfa writing","northern california","93257",22669,6,"writer",4,7,2,14,"saint mary's college of california",1090,19525,3,3,2,6,3,3,3,8,8,8,8,8,1,6,7,5,7,8,5,5,5,3,0.221428571428571,35,17.4285714285714,16.7142857142857,20.1428571428571,3,7.71428571428571
434,0,17,2,"European/Caucasian-American",27,14,1,0.0714285714285714,0.785714285714286,0.0714285714285714,7.14285714285714,7.42857142857143,7.07142857142857,6.35714285714286,5.64285714285714,5.23076923076923,6.5,5.21428571428571,1.76923076923077,0,0.5,0.142857142857143,0.285714285714286,0,0.0714285714285714,0,0.5,11,"international affairs","maryland","20816",81266,15,"trade specialist",5,9,2,14,"bucknell university",1290,25335,2,2,1,4,2,4,2,9,6,3,3,3,2,7,2,6,2,2,4,7,8,4,0.0678571428571429,35,17.4285714285714,16.7142857142857,20.1428571428571,3,7.71428571428571
435,0,17,1,"Black/African American",22,14,3,0.214285714285714,0.285714285714286,0.428571428571429,5.64285714285714,5.92857142857143,6.21428571428571,6.57142857142857,6.64285714285714,4.53846153846154,5.71428571428571,4.92857142857143,1.84615384615385,0,0.5,0.142857142857143,0.285714285714286,0,0.0714285714285714,0,0,1,"law","new jersey","7726",NA,1,"lawyer",6,11,2,14,"rutgers university - new brunswick",1188,11311,1,1,1,7,2,5,5,6,9,8,8,3,2,9,9,1,8,7,9,9,10,10,0.137142857142857,35,17.4285714285714,16.7142857142857,20.1428571428571,3,7.71428571428571
436,0,17,2,"European/Caucasian-American",23,14,2,0.142857142857143,0.5,0.285714285714286,7.28571428571429,6.28571428571429,7,7.5,7.35714285714286,5.38461538461539,6.28571428571429,5.21428571428571,1.58333333333333,0,0.5,0.142857142857143,0.285714285714286,0,0.0714285714285714,0,0.5,1,"law","california","92869",NA,1,"law",7,13,2,14,"uc irvine",NA,15260,9,1,1,6,1,8,5,9,10,8,7,8,5,1,9,10,8,10,6,10,10,4,0.247857142857143,35,17.4285714285714,16.7142857142857,20.1428571428571,3,7.71428571428571
437,0,17,2,"European/Caucasian-American",23,14,3,0.214285714285714,0.285714285714286,0.571428571428572,5.92857142857143,6.92857142857143,6.35714285714286,6,5.07142857142857,5.07692307692308,6,5.07142857142857,2,0,0.5,0.142857142857143,0.285714285714286,0,0.0714285714285714,0,0.5,11,"social work","north carolina","28804",29746,11,"social work",8,15,2,14,"university of tennessee",1092,11570,2,6,1,4,1,6,7,7,8,9,9,8,5,6,9,7,10,10,10,10,5,6,0.285714285714286,35,17.4285714285714,16.7142857142857,20.1428571428571,3,7.71428571428571
438,0,17,2,"European/Caucasian-American",23,14,2,0.142857142857143,0.714285714285714,0.285714285714286,6.5,7,6.92307692307692,6.64285714285714,6,5.25,6.64285714285714,5.85714285714286,2,0,0.5,0.142857142857143,0.285714285714286,0,0.0714285714285714,0,0.5,11,"social work","california","94044",47556,11,"clinical social worker",9,17,2,14,"ucla",1290,15309,1,5,1,4,1,3,1,8,9,5,5,8,4,7,6,5,7,9,10,9,8,3,0.299285714285714,35,17.4285714285714,16.7142857142857,20.1428571428571,3,7.71428571428571
439,0,17,2,"European/Caucasian-American",29,14,3,0.214285714285714,0.642857142857143,0.357142857142857,7.42857142857143,5.92857142857143,6.92857142857143,6,5.5,4.5,6.42857142857143,4.85714285714286,2,0,0.5,0.142857142857143,0.285714285714286,0,0.0714285714285714,0,0.5,9,"bilingual education","baltimore","21209",42651,2,"bilingual elementary school teacher",10,19,2,14,"washington university in st. louis",NA,26377,1,5,2,3,2,8,4,8,9,8,9,6,1,7,9,6,4,9,9,9,6,6,0.395,35,17.4285714285714,16.7142857142857,20.1428571428571,3,7.71428571428571
440,1,17,2,"European/Caucasian-American",21,10,0,0,0.5,0,8.4,8,8.8,8.1,8.2,7.11111111111111,7.6,6.7,1.8,0.1,0.6,0,0.2,0,0.1,0,0.6,1,"law","milano, italy","20129",NA,1,"lawyer",1,2,2,11,"stanford university",1450,25917,8,2,1,7,2,10,10,10,10,7,7,7,3,1,3,5,5,10,8,10,8,5,0.273,19.2,15.8,22.6,18.2,12.4,11.8
441,1,17,2,"European/Caucasian-American",24,10,2,0.2,0.5,0.6,6.6,7,7.4,7.4,7.4,6.55555555555556,6.3,6.33333333333333,1.88888888888889,0.1,0.6,0,0.2,0,0.1,0,0.6,1,"law","boston","6437",NA,1,"corporate law",2,4,2,11,"tufts university",NA,26892,4,2,2,7,1,6,1,6,7,7,8,7,14,9,9,8,9,10,10,10,7,2,-0.053,19.2,15.8,22.6,18.2,12.4,11.8
442,1,17,2,"European/Caucasian-American",25,10,4,0.4,0.4,1,6.1,7.9,8.1,6.1,7.7,4.5,6.3,6.1,2,0.1,0.6,0,0.2,0,0.1,0,0.6,1,"law","poland","108",NA,1,"tax lawyer",3,6,2,11,"warsaw university",NA,NA,1,1,4,6,1,7,1,7,5,1,1,7,1,8,6,1,1,5,3,5,2,1,0.143,19.2,15.8,22.6,18.2,12.4,11.8
443,1,17,3,"Latino/Hispanic American",27,10,0,0,0.2,0.4,6.3,7.8,8.3,7.66666666666667,8.2,5.75,6.8,6.1,2,0.1,0.6,0,0.2,0,0.1,0,0,13,"international affairs - economic policy","new york","17403",27794,9,"economic policy advisor on latin america",4,8,2,11,"univeristy of michigan",1290,21645,1,3,2,6,2,9,5,7,8,5,5,5,3,7,6,1,6,7,8,8,4,5,0.294,19.2,15.8,22.6,18.2,12.4,11.8
444,1,17,2,"European/Caucasian-American",26,10,0,0,0.5,0,8.4,7,7.9,7.5,8.3,5.2,7.1,5.7,1.88888888888889,0.1,0.6,0,0.2,0,0.1,0,0.6,8,"mba","los angeles, ca","10016",41737,7,"media management",5,10,2,11,"middlebury college",1470,34300,5,1,2,4,2,8,8,9,2,6,8,6,2,5,2,7,1,10,3,5,5,6,0.014,19.2,15.8,22.6,18.2,12.4,11.8
445,1,17,2,"European/Caucasian-American",30,10,2,0.2,0.4,0.4,6.5,7,7.6,6.9,7.5,5.75,6.1,5.3,2,0.1,0.6,0,0.2,0,0.1,0,0.6,13,"sipa - energy","burlington, vermont","11576",90225,9,"energy management",6,12,2,11,"u of vermont",1130,20100,1,1,2,5,2,9,6,8,8,5,3,9,5,9,10,5,4,10,8,9,5,1,0.162,19.2,15.8,22.6,18.2,12.4,11.8
446,1,17,3,"Latino/Hispanic American",28,10,4,0.4,0.5,0.8,6.1,7.3,7.8,5.8,7,5.44444444444444,6.7,6.3,1.9,0.1,0.6,0,0.2,0,0.1,0,0,8,"mba","bogota, colombia","0",NA,7,"finance",7,14,2,11,"universidad de los andes",NA,NA,2,2,1,4,3,9,2,9,8,8,7,6,3,6,6,5,6,6,5,8,3,3,0.336,19.2,15.8,22.6,18.2,12.4,11.8
447,1,17,4,"Asian/Pacific Islander/Asian-American",26,10,1,0.1,0.3,0.1,7.1,8.1,8.4,6.9,8.4,4.8,6.9,6.2,1.9,0.1,0.6,0,0.2,0,0.1,0,0.2,13,"public policy","india","110003",NA,7,"public finance",8,16,2,11,"university of delhi",NA,NA,1,1,1,7,2,7,5,6,8,3,2,6,2,5,6,3,4,8,4,9,2,4,0.271,19.2,15.8,22.6,18.2,12.4,11.8
448,1,17,2,"European/Caucasian-American",22,10,5,0.5,0.6,0.8,7.9,6.3,7.9,7.9,8.6,5.5,6.3,5.2,1.8,0.1,0.6,0,0.2,0,0.1,0,0.6,1,"law/business","new york city","10021",55080,7,"business management",9,18,2,11,"yale",1450,26100,1,1,1,2,1,3,2,4,9,8,9,3,5,9,7,3,6,7,6,10,6,5,0.299,19.2,15.8,22.6,18.2,12.4,11.8
449,1,17,6,"Other",23,10,2,0.2,0.3,0.7,7.7,7.4,8.3,7.7,8.3,6.11111111111111,6.2,5.7,1.8,0.1,0.6,0,0.2,0,0.1,0,0.1,1,"law","new york","11552",52280,1,"business/law",10,20,2,11,"princeton",1460,27230,7,1,1,3,1,8,2,6,8,7,5,5,3,1,9,7,6,9,2,6,4,1,0.276,19.2,15.8,22.6,18.2,12.4,11.8
450,1,17,2,"European/Caucasian-American",25,10,2,0.2,0.3,0.5,5.6,7.3,8.2,7,7.9,5.5,5.8,5,1.9,0.1,0.6,0,0.2,0,0.1,0,0.6,13,"international affairs","singapore",NA,NA,9,"diplomat",11,21,2,11,"connecticut college",1310,33585,3,7,2,6,2,7,3,9,9,9,9,9,9,3,5,7,9,10,9,10,5,10,0.23,19.2,15.8,22.6,18.2,12.4,11.8
451,1,17,4,"Asian/Pacific Islander/Asian-American",30,10,0,0,0,0.8,2.8,7.3,8.3,4.8,8.1,4.66666666666667,4.7,5.2,2,0.1,0.6,0,0.2,0,0.1,0,0.2,8,"mba","asia, singapore","650206",NA,7,"banking",12,22,2,11,"nus",NA,NA,3,1,2,3,3,3,3,2,4,4,3,3,4,3,6,7,5,7,7,8,6,6,0.21,19.2,15.8,22.6,18.2,12.4,11.8
452,1,17,4,"Asian/Pacific Islander/Asian-American",29,10,1,0.1,0.1,0.7,4.2,7.2,8.2,7,8,4,5.1,6.1,2,0.1,0.6,0,0.2,0,0.1,0,0.2,8,"mba","singapore","10027",NA,7,"private equity",13,23,2,11,"national university of singapore",NA,NA,7,1,1,5,3,9,6,8,7,8,7,8,7,9,8,7,8,9,8,10,5,3,0.165,19.2,15.8,22.6,18.2,12.4,11.8
453,1,17,4,"Asian/Pacific Islander/Asian-American",27,10,1,0.1,0.1,0.6,3.7,8.55555555555556,8.66666666666667,4.88888888888889,8,3.77777777777778,4.7,4.9,2,0.1,0.6,0,0.2,0,0.1,0,0.2,1,"law","shanghai, china","210009",NA,1,"lawyer",14,24,2,11,"university of international business  & economics",NA,NA,4,3,2,6,5,6,3,5,6,6,5,6,5,3,6,6,4,7,6,5,4,1,0.217,19.2,15.8,22.6,18.2,12.4,11.8
454,0,18,2,"European/Caucasian-American",27,6,0,0,0.5,0.333333333333333,5.83333333333333,7.4,6.6,6.6,6.2,5.16666666666667,6.4,6.6,2,0,0.333333333333333,0,0.5,0,0.166666666666667,0,0.333333333333333,15,"mfa  poetry","california","94941",56056,2,"teacher",1,1,1,6,"sarah lawrence college",1260,27982,3,3,2,7,3,5,8,5,9,9,9,7,1,4,9,4,9,9,8,8,4,9,0.201666666666667,23.3333333333333,18.3333333333333,16.6666666666667,15,12.5,14.1666666666667
455,0,18,4,"Asian/Pacific Islander/Asian-American",24,6,0,0,0.166666666666667,0.5,5.5,7.83333333333333,7.6,6.6,6.6,6.66666666666667,6.66666666666667,6.6,2,0,0.333333333333333,0,0.5,0,0.166666666666667,0,0.5,10,"biomedical engineering","india","560032",NA,2,"research",2,3,1,6,"university of rochester",NA,24794,5,5,1,6,2,3,5,3,10,10,7,7,1,8,10,4,8,9,8,9,9,7,-0.0333333333333333,23.3333333333333,18.3333333333333,16.6666666666667,15,12.5,14.1666666666667
456,0,18,4,"Asian/Pacific Islander/Asian-American",29,6,1,0.166666666666667,1,0.166666666666667,7.5,6.2,6.8,7,7.5,6.4,6.83333333333333,5,2,0,0.333333333333333,0,0.5,0,0.166666666666667,0,0.5,8,"business","nj","7030",NA,7,"health care finance",3,5,1,6,"rutgers college",1188,11311,3,2,2,6,1,1,1,8,8,7,7,6,2,8,8,4,7,7,6,6,8,8,-0.133333333333333,23.3333333333333,18.3333333333333,16.6666666666667,15,12.5,14.1666666666667
457,0,18,4,"Asian/Pacific Islander/Asian-American",55,6,0,0,0.166666666666667,0.666666666666667,5.66666666666667,7.66666666666667,6.8,7.2,5,5.6,6.83333333333333,5,2,0,0.333333333333333,0,0.5,0,0.166666666666667,0,0.5,6,"soa -- writing","santa barbara, california","93108",60835,6,"writer",4,7,1,6,"university of california at santa barbara",1200,14915,1,1,6,7,3,1,2,1,8,9,9,10,1,1,10,4,7,3,10,8,1,1,0.055,23.3333333333333,18.3333333333333,16.6666666666667,15,12.5,14.1666666666667
458,0,18,4,"Asian/Pacific Islander/Asian-American",29,6,2,0.333333333333333,0.333333333333333,0.833333333333333,6.16666666666667,6.4,7.2,6.6,8,5.83333333333333,6.33333333333333,4.4,1.83333333333333,0,0.333333333333333,0,0.5,0,0.166666666666667,0,0.5,8,"business","hong kong","0",NA,7,"entrepreneurship",5,9,1,6,"uc berkeley",1309,15162,9,8,1,4,1,9,1,6,10,8,6,9,3,6,9,7,8,8,4,1,10,9,-0.271666666666667,23.3333333333333,18.3333333333333,16.6666666666667,15,12.5,14.1666666666667
459,0,18,4,"Asian/Pacific Islander/Asian-American",26,6,0,0,0.666666666666667,0,7.16666666666667,6.8,7,6.6,7.5,5.5,7,4.8,2,0,0.333333333333333,0,0.5,0,0.166666666666667,0,0.5,8,"finance","new york city","20853",62829,7,"fixed income sales & trading",6,11,1,6,"yale",1450,26100,6,1,1,5,3,1,3,1,9,8,9,1,1,6,4,6,8,8,8,8,8,1,-0.0333333333333333,23.3333333333333,18.3333333333333,16.6666666666667,15,12.5,14.1666666666667
460,1,18,2,"European/Caucasian-American",33,6,1,0.166666666666667,0.833333333333333,0.166666666666667,7,8.5,8,6.83333333333333,6.66666666666667,6.16666666666667,6.66666666666667,4.33333333333333,2,0,0.166666666666667,0,0.833333333333333,0,0,0,0.166666666666667,7,"history","cincinnati, ohio","45213",30038,2,"professor",1,2,1,6,"rice university",NA,17125,2,1,1,4,2,9,7,10,10,10,10,8,1,7,9,10,6,9,10,10,1,5,0.293333333333333,25,13.3333333333333,19.1666666666667,20.1666666666667,9.16666666666667,13.1666666666667
461,1,18,6,"Other",27,6,0,0,0.166666666666667,0.5,4.5,6.83333333333333,7,5.66666666666667,7,4,4.16666666666667,4,2,0,0.166666666666667,0,0.833333333333333,0,0,0,0,5,"biomedical informatics","india","248001",NA,4,"physician, informaticist",2,4,1,6,"medicine",NA,NA,2,2,1,7,4,9,8,9,9,7,7,9,8,6,2,2,7,6,6,6,4,4,-0.18,25,13.3333333333333,19.1666666666667,20.1666666666667,9.16666666666667,13.1666666666667
462,1,18,4,"Asian/Pacific Islander/Asian-American",33,6,1,0.166666666666667,0.166666666666667,0.833333333333333,4.16666666666667,8.33333333333333,6.83333333333333,4.66666666666667,6.83333333333333,3.66666666666667,4.16666666666667,4,2,0,0.166666666666667,0,0.833333333333333,0,0,0,0.833333333333333,5,"electrical engineering","cambridge, ma",NA,NA,2,"professor, or engineer",3,6,1,6,"china",NA,NA,1,5,4,6,6,8,7,5,2,6,6,1,2,7,3,8,5,7,6,9,2,2,-0.108333333333333,25,13.3333333333333,19.1666666666667,20.1666666666667,9.16666666666667,13.1666666666667
463,1,18,4,"Asian/Pacific Islander/Asian-American",23,6,0,0,0.5,0.166666666666667,5.83333333333333,8.33333333333333,8.33333333333333,6.5,7.33333333333333,4.33333333333333,6.5,4.5,2,0,0.166666666666667,0,0.833333333333333,0,0,0,0.833333333333333,10,"physics","china","200000",NA,10,"not sure yet",4,8,1,6,"fudan",NA,NA,3,2,2,7,1,5,4,7,5,4,3,3,5,4,5,4,4,4,4,7,3,1,-0.181666666666667,25,13.3333333333333,19.1666666666667,20.1666666666667,9.16666666666667,13.1666666666667
464,1,18,4,"Asian/Pacific Islander/Asian-American",33,6,1,0.166666666666667,0.666666666666667,0.5,7,7.16666666666667,8.16666666666667,7.83333333333333,7.66666666666667,5.33333333333333,7,5.16666666666667,1.83333333333333,0,0.166666666666667,0,0.833333333333333,0,0,0,0.833333333333333,8,"mba","singapore","597627",NA,7,"management consulting",5,10,1,6,"national university of singapore",NA,NA,1,1,1,3,1,10,9,6,7,3,3,5,5,9,3,4,6,7,7,7,2,1,-0.271666666666667,25,13.3333333333333,19.1666666666667,20.1666666666667,9.16666666666667,13.1666666666667
465,1,18,2,"European/Caucasian-American",23,6,0,0,0.166666666666667,0.666666666666667,5.16666666666667,6.16666666666667,5.5,6,3.8,3.5,4.8,2.83333333333333,2,0,0.166666666666667,0,0.833333333333333,0,0,0,0.166666666666667,7,"art history","new york","10027",16767,6,"playing music",6,12,1,6,"oberlin",1340,26580,1,3,6,7,3,4,8,1,3,8,8,4,1,4,9,2,1,3,10,10,1,1,0.233333333333333,25,13.3333333333333,19.1666666666667,20.1666666666667,9.16666666666667,13.1666666666667
466,0,19,2,"European/Caucasian-American",24,15,0,0,0.666666666666667,0,7.73333333333333,7.6,8.06666666666667,7.73333333333333,7.28571428571429,6,7.06666666666667,5.26666666666667,2,0.0666666666666667,0.4,0.133333333333333,0.266666666666667,0,0.133333333333333,0,0.4,18,"working","texas/london","77077",42967,10,"unknown",1,1,2,15,"barnard college",1330,2406,1,1,6,7,1,4,2,9,8,5,6,4,3,2,8,5,5,7,6,8,4,2,0.309333333333333,24.4,15.8,20.1333333333333,19.0666666666667,9.86666666666667,10.0666666666667
467,0,19,2,"European/Caucasian-American",24,15,7,0.466666666666667,0.666666666666667,0.733333333333333,8.33333333333333,7.4,7.8,7.2,7.92307692307692,6.21428571428571,6.66666666666667,5,2,0.0666666666666667,0.4,0.133333333333333,0.266666666666667,0,0.133333333333333,0,0.4,8,"consulting","ct, fl, tn","10006",21488,7,"consulting, later arts or non-profit",2,3,2,15,"columbia college, cu",1430,26908,7,4,6,2,1,8,4,9,9,9,9,8,5,8,9,8,9,9,9,9,9,9,0.343333333333333,24.4,15.8,20.1333333333333,19.0666666666667,9.86666666666667,10.0666666666667
468,0,19,6,"Other",25,15,3,0.2,0.666666666666667,0.333333333333333,8.33333333333333,7.93333333333333,8.46666666666667,7.8,8,6.5,7.85714285714286,6.28571428571429,2,0.0666666666666667,0.4,0.133333333333333,0.266666666666667,0,0.133333333333333,0,0.133333333333333,13,"human rights: middle east","detroit suburbs","48302",89977,2,"professor; human rights director",3,5,2,15,"university of michigan",1290,21645,5,2,1,6,3,8,3,7,7,7,8,8,2,6,8,7,5,9,9,9,7,6,0.291333333333333,24.4,15.8,20.1333333333333,19.0666666666667,9.86666666666667,10.0666666666667
469,0,19,4,"Asian/Pacific Islander/Asian-American",25,15,5,0.333333333333333,0.733333333333333,0.4,8,7.66666666666667,7.86666666666667,7.26666666666667,6.92857142857143,6.42857142857143,7.2,5.33333333333333,2,0.0666666666666667,0.4,0.133333333333333,0.266666666666667,0,0.133333333333333,0,0.266666666666667,13,"human rights","tokyo, japan","2155",NA,9,"work at the un",4,7,2,15,"tufts university",NA,26892,1,1,2,3,1,10,7,7,7,7,7,3,3,4,7,9,7,7,7,8,6,9,0.256666666666667,24.4,15.8,20.1333333333333,19.0666666666667,9.86666666666667,10.0666666666667
470,0,19,4,"Asian/Pacific Islander/Asian-American",29,15,5,0.333333333333333,0.733333333333333,0.4,8.06666666666667,7.4,8.53333333333333,7.53333333333333,8.2,6.33333333333333,7.28571428571429,5.07142857142857,2,0.0666666666666667,0.4,0.133333333333333,0.266666666666667,0,0.133333333333333,0,0.266666666666667,4,"medicine","south carolina","29571",18619,4,"medicine",5,9,2,15,"harvard",1400,26019,1,1,1,4,2,1,1,1,10,10,10,2,1,3,10,5,10,10,6,6,10,1,0.368666666666667,24.4,15.8,20.1333333333333,19.0666666666667,9.86666666666667,10.0666666666667
471,0,19,4,"Asian/Pacific Islander/Asian-American",30,15,1,0.0666666666666667,0.466666666666667,0.133333333333333,6.26666666666667,7.46666666666667,7.93333333333333,6.86666666666667,7.64285714285714,5.78571428571429,6.2,4.93333333333333,2,0.0666666666666667,0.4,0.133333333333333,0.266666666666667,0,0.133333333333333,0,0.266666666666667,4,"medicine","california, new jersey","8091",NA,4,"physician",6,11,2,15,"stanford university",1450,25917,8,8,2,5,3,3,4,6,10,7,7,5,2,9,7,8,6,8,6,6,10,4,0.254,24.4,15.8,20.1333333333333,19.0666666666667,9.86666666666667,10.0666666666667
472,0,19,3,"Latino/Hispanic American",25,15,2,0.133333333333333,0.466666666666667,0.4,7.2,7.66666666666667,7.93333333333333,6.66666666666667,7,5.57142857142857,6.33333333333333,5.06666666666667,2,0.0666666666666667,0.4,0.133333333333333,0.266666666666667,0,0.133333333333333,0,0.133333333333333,5,"urban planning","california","92879",NA,5,"urban planner",7,13,2,15,"ucla",1290,15309,1,3,2,4,2,10,6,7,9,9,8,9,1,7,8,1,10,10,10,10,5,9,0.338666666666667,24.4,15.8,20.1333333333333,19.0666666666667,9.86666666666667,10.0666666666667
473,0,19,4,"Asian/Pacific Islander/Asian-American",34,15,1,0.0666666666666667,0.0666666666666667,0.733333333333333,5.93333333333333,7.26666666666667,7.6,5.13333333333333,6.66666666666667,5.6,5.66666666666667,4,2,0.0666666666666667,0.4,0.133333333333333,0.266666666666667,0,0.133333333333333,0,0.266666666666667,10,"biotechnology","belgium","10086",NA,2,"clinic trial",8,15,2,15,"harbin medical university, china",NA,NA,1,1,2,6,4,7,5,5,8,8,8,8,6,6,9,8,8,9,9,9,7,7,0.316,24.4,15.8,20.1333333333333,19.0666666666667,9.86666666666667,10.0666666666667
474,0,19,1,"Black/African American",30,15,4,0.266666666666667,0.8,0.4,7.93333333333333,7.93333333333333,8.2,8.13333333333333,7.78571428571429,7,7.93333333333333,6.86666666666667,2,0.0666666666666667,0.4,0.133333333333333,0.266666666666667,0,0.133333333333333,0,0.0666666666666667,10,"biotechnology","alabama","36701",22161,2,"scientist",9,17,2,15,"washington university in st louis",NA,26377,1,1,1,6,5,10,2,10,10,7,7,9,2,9,8,1,4,3,7,10,6,9,0.145333333333333,24.4,15.8,20.1333333333333,19.0666666666667,9.86666666666667,10.0666666666667
475,0,19,3,"Latino/Hispanic American",27,15,2,0.133333333333333,0.533333333333333,0.466666666666667,7.06666666666667,7.66666666666667,7.73333333333333,7.6,6.92857142857143,6,6.66666666666667,6,2,0.0666666666666667,0.4,0.133333333333333,0.266666666666667,0,0.133333333333333,0,0.133333333333333,13,"sipa-international affairs","san francisco","63131",82734,9,"international development",10,19,2,15,"american university",1206,22481,1,2,1,6,2,1,1,6,10,6,5,2,0,5,4,4,9,8,3,5,6,9,0.368666666666667,24.4,15.8,20.1333333333333,19.0666666666667,9.86666666666667,10.0666666666667
476,0,19,2,"European/Caucasian-American",25,15,2,0.133333333333333,0.333333333333333,0.333333333333333,7.14285714285714,8.21428571428571,7.28571428571429,7.14285714285714,6.84615384615385,5.08333333333333,6.57142857142857,4.92857142857143,1.93333333333333,0.0666666666666667,0.4,0.133333333333333,0.266666666666667,0,0.133333333333333,0,0.4,13,"sipa-international affairs","california","94933",40163,9,"international development",11,21,2,15,"uc santa cruz",1149,15004,1,3,5,5,2,4,1,7,9,5,5,4,1,7,3,3,3,3,3,7,6,3,0.188666666666667,24.4,15.8,20.1333333333333,19.0666666666667,9.86666666666667,10.0666666666667
477,0,19,3,"Latino/Hispanic American",27,15,0,0,0.266666666666667,0.466666666666667,6.33333333333333,7.86666666666667,8.2,6.46666666666667,6.53846153846154,5.78571428571429,6.8,4.8,2,0.0666666666666667,0.4,0.133333333333333,0.266666666666667,0,0.133333333333333,0,0.133333333333333,5,"electrical engineering","canada",NA,NA,5,"engineer",12,23,2,15,"mcgill university",NA,NA,5,7,1,4,2,9,6,7,8,6,8,8,4,7,7,4,7,8,7,7,6,4,0.274,24.4,15.8,20.1333333333333,19.0666666666667,9.86666666666667,10.0666666666667
478,0,19,2,"European/Caucasian-American",26,15,2,0.133333333333333,0.733333333333333,0.133333333333333,8,7.8,8.26666666666667,7.73333333333333,8.4,7.35714285714286,7.8,6.13333333333333,1.92307692307692,0.0666666666666667,0.4,0.133333333333333,0.266666666666667,0,0.133333333333333,0,0.4,13,"international affairs","washington dc","5401",NA,7,"finance/economics",14,26,2,15,"university of vermont",1130,20100,4,4,1,4,1,9,7,9,7,7,9,9,3,3,8,4,7,9,8,9,4,6,0.23,24.4,15.8,20.1333333333333,19.0666666666667,9.86666666666667,10.0666666666667
479,0,19,2,"European/Caucasian-American",27,15,0,0,0.533333333333333,0.2,7.66666666666667,7.46666666666667,8.13333333333333,6.73333333333333,7.57142857142857,5.93333333333333,7,5.26666666666667,1.92307692307692,0.0666666666666667,0.4,0.133333333333333,0.266666666666667,0,0.133333333333333,0,0.4,13,"international affairs","colorado","80123",46185,7,"banking",15,28,2,15,"colorado state",1090,12444,3,3,1,4,3,10,7,10,9,8,7,9,1,7,5,4,7,7,7,7,7,7,0.190666666666667,24.4,15.8,20.1333333333333,19.0666666666667,9.86666666666667,10.0666666666667
480,0,19,2,"European/Caucasian-American",26,15,3,0.2,0.533333333333333,0.533333333333333,7.85714285714286,8.14285714285714,8.28571428571429,7.85714285714286,7.42857142857143,7,6.64285714285714,5.5,2,0.0666666666666667,0.4,0.133333333333333,0.266666666666667,0,0.133333333333333,0,0.4,5,"urban planning","new jersey","7076",NA,5,"planning",16,30,2,15,"sarah lawrence college",1260,27982,4,6,1,4,1,7,1,8,9,9,9,3,1,6,10,3,3,4,4,4,5,7,0.256666666666667,24.4,15.8,20.1333333333333,19.0666666666667,9.86666666666667,10.0666666666667
481,1,19,2,"European/Caucasian-American",23,15,1,0.0666666666666667,0.133333333333333,0.466666666666667,6.4,6.73333333333333,6.5,5.13333333333333,5.33333333333333,5,5.66666666666667,4.92857142857143,2,0.0666666666666667,0.4,0.2,0.266666666666667,0,0.0666666666666667,0,0.4,9,"teaching of english","westchester county, n.y.","10502",78844,2,"english teacher",1,2,2,15,"fordham university",1160,22170,8,1,2,3,2,3,3,7,9,8,7,1,2,5,8,2,7,10,10,10,6,1,0.484,15.1333333333333,18.8,19.6,18.1333333333333,13.4666666666667,14.8666666666667
482,1,19,2,"European/Caucasian-American",30,15,4,0.266666666666667,0.6,0.4,5.4,6.8,7.26666666666667,6.73333333333333,7.91666666666667,6.2,6.42857142857143,5.92857142857143,2,0.0666666666666667,0.4,0.2,0.266666666666667,0,0.0666666666666667,0,0.4,8,"mba","florida","32780",29575,7,"management consulting",2,4,2,15,"tufts",NA,26892,2,6,2,6,1,9,7,5,9,6,5,8,2,5,9,6,7,7,2,4,4,3,0.247333333333333,15.1333333333333,18.8,19.6,18.1333333333333,13.4666666666667,14.8666666666667
483,1,19,2,"European/Caucasian-American",28,15,0,0,0.333333333333333,0.0666666666666667,5.86666666666667,5.86666666666667,6.46666666666667,7,6.06666666666667,5.57142857142857,5.42857142857143,5.46153846153846,2,0.0666666666666667,0.4,0.2,0.266666666666667,0,0.0666666666666667,0,0.4,3,"sociology","romania",NA,NA,2,"professor",3,6,2,15,"bucharest university",NA,NA,1,1,6,3,1,10,1,10,10,10,10,5,1,1,10,5,10,10,10,10,10,5,0.568666666666667,15.1333333333333,18.8,19.6,18.1333333333333,13.4666666666667,14.8666666666667
484,1,19,4,"Asian/Pacific Islander/Asian-American",31,15,2,0.133333333333333,0.133333333333333,1,4.28571428571429,7.35714285714286,8.07142857142857,4.28571428571429,6.64285714285714,3.35714285714286,5.28571428571429,5.23076923076923,2,0.0666666666666667,0.4,0.2,0.266666666666667,0,0.0666666666666667,0,0.266666666666667,18,"gsas","los angeles","90036",34752,15,"professional career",4,8,2,15,"school overseas (need a name ?)",NA,NA,1,1,1,6,4,7,3,5,9,9,9,9,3,7,9,1,9,9,9,9,2,7,0.466666666666667,15.1333333333333,18.8,19.6,18.1333333333333,13.4666666666667,14.8666666666667
485,1,19,1,"Black/African American",29,15,2,0.133333333333333,0.133333333333333,0.933333333333333,4.26666666666667,6,6,4.53333333333333,4.71428571428571,4.6,4.64285714285714,5,1.93333333333333,0.0666666666666667,0.4,0.2,0.266666666666667,0,0.0666666666666667,0,0.0666666666666667,3,"african-american studies/history","south orange, new jersey","7050",NA,2,"writer/teacher",5,10,2,15,"amherst college",1402,27240,4,3,2,6,2,6,10,9,7,7,7,4,6,6,9,8,8,8,7,8,7,4,0.0286666666666667,15.1333333333333,18.8,19.6,18.1333333333333,13.4666666666667,14.8666666666667
486,1,19,3,"Latino/Hispanic American",32,15,1,0.0666666666666667,0.4,0.266666666666667,5.53333333333333,7.4,8,5.73333333333333,7.33333333333333,5.35714285714286,5.46666666666667,6,2,0.0666666666666667,0.4,0.2,0.266666666666667,0,0.0666666666666667,0,0.2,10,"neurosciences/stem cells","colombia, south america","10021",NA,4,"medical sciences",6,12,2,15,"u. del rosario, medicine, colombia sa",NA,NA,1,1,3,6,2,7,1,3,10,8,6,4,1,9,8,1,7,10,5,8,2,2,0.49,15.1333333333333,18.8,19.6,18.1333333333333,13.4666666666667,14.8666666666667
487,1,19,4,"Asian/Pacific Islander/Asian-American",24,15,0,0,0.0666666666666667,0.6,3.66666666666667,6.85714285714286,7.53333333333333,3.66666666666667,5.07142857142857,3.4,4.6,4.07142857142857,2,0.0666666666666667,0.4,0.2,0.266666666666667,0,0.0666666666666667,0,0.266666666666667,6,"classics","new jersey","7733",NA,2,"professor...?",7,14,2,15,"harvard university",1400,26019,1,1,1,5,3,4,4,2,8,5,3,2,5,2,7,8,5,9,6,10,6,2,0.173333333333333,15.1333333333333,18.8,19.6,18.1333333333333,13.4666666666667,14.8666666666667
488,1,19,4,"Asian/Pacific Islander/Asian-American",29,15,2,0.133333333333333,0.266666666666667,0.8,4.93333333333333,6,6.66666666666667,5.93333333333333,6.73333333333333,4.35714285714286,5.14285714285714,6.28571428571429,2,0.0666666666666667,0.4,0.2,0.266666666666667,0,0.0666666666666667,0,0.266666666666667,8,"business","india","10027",NA,7,"management consulting",8,16,2,15,"delhi university",NA,NA,1,1,3,2,3,3,3,3,9,5,1,1,1,8,8,8,8,8,8,8,8,3,0.278,15.1333333333333,18.8,19.6,18.1333333333333,13.4666666666667,14.8666666666667
489,1,19,2,"European/Caucasian-American",28,15,8,0.533333333333333,0.733333333333333,0.733333333333333,7.46666666666667,6.86666666666667,7,7.13333333333333,6.92857142857143,6.28571428571429,6.8,6.57142857142857,2,0.0666666666666667,0.4,0.2,0.266666666666667,0,0.0666666666666667,0,0.4,8,"business","greece","10025",NA,7,"business",9,18,2,15,"cornell",1360,26062,6,5,3,2,1,7,7,7,9,9,9,6,9,9,6,6,9,9,9,7,6,5,0.0473333333333333,15.1333333333333,18.8,19.6,18.1333333333333,13.4666666666667,14.8666666666667
490,1,19,2,"European/Caucasian-American",29,15,1,0.0666666666666667,0.133333333333333,0.8,3.69230769230769,6.35714285714286,7,5.92857142857143,6.30769230769231,4.64285714285714,4.92857142857143,4.92857142857143,2,0.0666666666666667,0.4,0.2,0.266666666666667,0,0.0666666666666667,0,0.4,14,"film","northern new jersey","7410",NA,6,"writer/producer",10,20,2,15,"nyu",1340,25380,6,1,2,6,3,3,1,2,7,7,7,6,2,5,9,9,8,10,9,8,7,4,0.371333333333333,15.1333333333333,18.8,19.6,18.1333333333333,13.4666666666667,14.8666666666667
491,1,19,3,"Latino/Hispanic American",29,15,4,0.266666666666667,0.8,0.333333333333333,7.66666666666667,6.73333333333333,7.8,7.6,7.6,6.07142857142857,6.69230769230769,5.5,2,0.0666666666666667,0.4,0.2,0.266666666666667,0,0.0666666666666667,0,0.2,8,"mba","new jersey","7201",NA,7,"investment banker",11,22,2,15,"rutgers college",1188,11311,3,3,2,4,1,9,2,9,9,9,8,9,7,9,8,2,7,8,8,9,9,6,0.399333333333333,15.1333333333333,18.8,19.6,18.1333333333333,13.4666666666667,14.8666666666667
492,1,19,6,"Other",30,15,7,0.466666666666667,0.666666666666667,0.666666666666667,7.33333333333333,7.26666666666667,7.86666666666667,7.4,7,6.5,6.92857142857143,6,2,0.0666666666666667,0.4,0.2,0.266666666666667,0,0.0666666666666667,0,0.0666666666666667,10,"physics","new york","46205",22173,2,"acadeic",12,24,2,15,"tufts",NA,26892,1,1,2,4,2,10,10,10,10,10,10,10,2,4,10,7,5,5,2,5,10,10,0.225333333333333,15.1333333333333,18.8,19.6,18.1333333333333,13.4666666666667,14.8666666666667
493,1,19,4,"Asian/Pacific Islander/Asian-American",20,15,1,0.0666666666666667,0.6,0.133333333333333,7.28571428571429,7.57142857142857,7.07142857142857,7.28571428571429,7.15384615384615,6,7,6.18181818181818,2,0.0666666666666667,0.4,0.2,0.266666666666667,0,0.0666666666666667,0,0.266666666666667,13,"public administration","philippines","1128",NA,13,"politics",13,25,2,15,"university of the philippines",NA,NA,1,1,5,6,5,10,10,7,7,4,4,3,3,6,7,10,8,8,7,7,10,6,0.0413333333333333,15.1333333333333,18.8,19.6,18.1333333333333,13.4666666666667,14.8666666666667
494,1,19,2,"European/Caucasian-American",30,15,2,0.133333333333333,0.466666666666667,0.4,5.73333333333333,7.13333333333333,7.53333333333333,6.73333333333333,6.42857142857143,5.78571428571429,6.57142857142857,5.30769230769231,2,0.0666666666666667,0.4,0.2,0.266666666666667,0,0.0666666666666667,0,0.4,6,"journalism","boston","12302",37994,6,"film and radio",14,27,2,15,"tufts",NA,26892,2,8,4,3,3,8,10,4,10,10,10,1,1,4,8,6,9,10,7,8,9,10,0.336666666666667,15.1333333333333,18.8,19.6,18.1333333333333,13.4666666666667,14.8666666666667
495,1,19,6,"Other",32,15,2,0.133333333333333,0.2,0.6,4.8,5.53333333333333,6.4,7.07142857142857,5.2,4.76923076923077,5.35714285714286,5.46153846153846,2,0.0666666666666667,0.4,0.2,0.266666666666667,0,0.0666666666666667,0,0.0666666666666667,15,"theater","miami","33184",35409,6,"film",15,29,2,15,"um",NA,NA,5,6,2,2,1,7,5,6,7,5,6,7,7,6,5,6,7,7,6,5,5,6,-0.026,15.1333333333333,18.8,19.6,18.1333333333333,13.4666666666667,14.8666666666667
496,0,20,4,"Asian/Pacific Islander/Asian-American",23,7,1,0.142857142857143,0.857142857142857,0.285714285714286,7,8.28571428571429,8.28571428571429,6.5,6.6,6.28571428571429,7.28571428571429,6.28571428571429,1.85714285714286,0,0.285714285714286,0,0.714285714285714,0,0,0,0.714285714285714,5,"engineering","indiana","47906",23707,2,"researcher",1,1,1,7,"purdue",1134,13872,1,1,1,5,2,8,1,8,7,7,7,8,1,1,7,3,3,3,5,5,5,5,0.331428571428571,24.7142857142857,15.5714285714286,23.7142857142857,14.8571428571429,12,9.14285714285714
497,0,20,2,"European/Caucasian-American",24,7,0,0,0.428571428571429,0,6.42857142857143,7.14285714285714,7.28571428571429,6.85714285714286,7,5.85714285714286,6.42857142857143,5.28571428571429,1.71428571428571,0,0.285714285714286,0,0.714285714285714,0,0,0,0.285714285714286,10,"biology phd","boston, ma","1742",NA,2,"biology industry",2,3,1,7,"wake forest",NA,23530,5,5,1,7,1,7,5,1,8,7,6,7,3,1,7,8,6,9,9,8,8,7,0.172857142857143,24.7142857142857,15.5714285714286,23.7142857142857,14.8571428571429,12,9.14285714285714
498,0,20,2,"European/Caucasian-American",25,7,0,0,0.714285714285714,0,6.85714285714286,7.42857142857143,7.85714285714286,6.57142857142857,6.83333333333333,6.14285714285714,6.57142857142857,6,1.85714285714286,0,0.285714285714286,0,0.714285714285714,0,0,0,0.285714285714286,10,"biochemistry/genetics","baltimore","10025",33772,2,"scientist",3,5,1,7,"university of massachusetts-amherst",NA,14433,9,9,1,4,1,3,1,5,7,3,3,6,6,9,8,9,6,8,8,8,3,1,0.0771428571428571,24.7142857142857,15.5714285714286,23.7142857142857,14.8571428571429,12,9.14285714285714
499,0,20,2,"European/Caucasian-American",26,7,2,0.285714285714286,0.428571428571429,0.428571428571429,5.71428571428571,7.71428571428571,8,6.42857142857143,6.85714285714286,4.71428571428571,6.57142857142857,5.28571428571429,1.85714285714286,0,0.285714285714286,0,0.714285714285714,0,0,0,0.285714285714286,10,"biology","new york","10605",57501,2,"professor",4,6,1,7,"case western reserve university",NA,21168,1,9,5,4,1,1,1,1,9,9,9,2,1,8,9,6,8,10,10,10,5,1,0.132857142857143,24.7142857142857,15.5714285714286,23.7142857142857,14.8571428571429,12,9.14285714285714
500,0,20,1,"Black/African American",25,7,1,0.142857142857143,0.857142857142857,0.142857142857143,5.85714285714286,8.14285714285714,7.71428571428571,6.66666666666667,7.5,5.85714285714286,6.42857142857143,6.57142857142857,2,0,0.285714285714286,0,0.714285714285714,0,0,0,0,10,"epidemiology","kansas city, missouri","64129",25314,2,"epidemiologist",5,8,1,7,"vanderbilt university",NA,25847,7,9,1,5,3,4,2,6,7,7,7,2,2,7,8,5,7,8,8,8,6,5,0.155714285714286,24.7142857142857,15.5714285714286,23.7142857142857,14.8571428571429,12,9.14285714285714
501,0,20,2,"European/Caucasian-American",26,7,1,0.142857142857143,0.571428571428571,0.285714285714286,6.71428571428571,7.57142857142857,7.14285714285714,7.28571428571429,6.83333333333333,6.28571428571429,6.28571428571429,5.85714285714286,2,0,0.285714285714286,0,0.714285714285714,0,0,0,0.285714285714286,10,"epidemiology","upstate new york","12603",48876,2,"epidemiologist",6,10,1,7,"boston college",1310,25026,7,4,5,4,3,5,4,8,8,9,9,6,1,3,9,7,9,9,9,10,7,6,0.315714285714286,24.7142857142857,15.5714285714286,23.7142857142857,14.8571428571429,12,9.14285714285714
502,1,20,4,"Asian/Pacific Islander/Asian-American",26,6,0,0,0,1,3.83333333333333,8,6.66666666666667,7.66666666666667,7.33333333333333,4,6.16666666666667,4.5,2,0.166666666666667,0.666666666666667,0,0.166666666666667,0,0,0,0.166666666666667,5,"electrical engineering","boston","2138",NA,7,"business",1,2,1,6,"kettering university / gmi",1230,18656,1,1,1,3,2,8,8,9,6,5,5,10,9,8,7,8,6,9,5,8,3,4,-0.258333333333333,17.8333333333333,18.6666666666667,22,17,12.1666666666667,12.3333333333333
503,1,20,2,"European/Caucasian-American",25,6,0,0,0,0.5,2.33333333333333,5.66666666666667,7.83333333333333,5.16666666666667,7.33333333333333,4,4.83333333333333,4.66666666666667,1.5,0.166666666666667,0.666666666666667,0,0.166666666666667,0,0,0,0.666666666666667,10,"biology","california","95060",34870,2,"scientist",2,4,1,6,"university of california at santa cruz",1149,15004,1,5,5,6,5,2,4,4,8,8,8,7,5,2,6,5,7,8,9,9,7,7,0.483333333333333,17.8333333333333,18.6666666666667,22,17,12.1666666666667,12.3333333333333
504,1,20,2,"European/Caucasian-American",23,6,2,0.333333333333333,0.333333333333333,1,6.5,7,7.5,6.33333333333333,6.83333333333333,4.83333333333333,6.16666666666667,5.83333333333333,2,0.166666666666667,0.666666666666667,0,0.166666666666667,0,0,0,0.666666666666667,5,"computer science","maryland","20782",35848,7,"consultant",4,7,1,6,"swarthmore college",1460,26376,1,1,2,5,2,1,1,2,4,4,4,8,1,3,6,1,5,6,7,7,3,1,0.478333333333333,17.8333333333333,18.6666666666667,22,17,12.1666666666667,12.3333333333333
505,1,20,4,"Asian/Pacific Islander/Asian-American",27,6,1,0.166666666666667,0.166666666666667,0.333333333333333,6.5,7.2,7.33333333333333,5.5,7.2,4.33333333333333,5.33333333333333,5.5,2,0.166666666666667,0.666666666666667,0,0.166666666666667,0,0,0,0.166666666666667,6,"mfa creative writing","manila, philippines","12000",NA,6,"writer/editor",5,9,1,6,"ateneo de manila university - philippines",NA,NA,1,1,3,4,1,10,6,10,5,10,10,9,7,1,10,10,10,10,10,10,10,10,0.288333333333333,17.8333333333333,18.6666666666667,22,17,12.1666666666667,12.3333333333333
506,1,20,4,"Asian/Pacific Islander/Asian-American",24,6,0,0,0,0.333333333333333,4.66666666666667,7,7.83333333333333,3.66666666666667,7.83333333333333,3.5,4.33333333333333,4.33333333333333,2,0.166666666666667,0.666666666666667,0,0.166666666666667,0,0,0,0.166666666666667,2,"stats","california","90620",45017,7,"finance",6,11,1,6,"ucla",1290,15309,5,5,1,7,2,6,4,6,7,7,7,8,2,4,9,2,5,5,5,5,2,1,0.301666666666667,17.8333333333333,18.6666666666667,22,17,12.1666666666667,12.3333333333333
507,1,20,4,"Asian/Pacific Islander/Asian-American",24,6,1,0.166666666666667,0.666666666666667,0.333333333333333,6,8,7.83333333333333,7.66666666666667,6.83333333333333,6,7,6.66666666666667,2,0.166666666666667,0.666666666666667,0,0.166666666666667,0,0,0,0.166666666666667,2,"statistics","florida","32304",12416,2,"epidemiologist",7,12,1,6,"university of florida",1267,10332,1,1,5,7,3,10,9,10,9,9,8,7,4,5,8,5,7,6,6,8,3,2,0.0716666666666667,17.8333333333333,18.6666666666667,22,17,12.1666666666667,12.3333333333333
508,1,20,4,"Asian/Pacific Islander/Asian-American",36,6,1,0.166666666666667,0.166666666666667,1,5.83333333333333,5.66666666666667,6.83333333333333,5.33333333333333,6.5,4.5,4.66666666666667,4.5,2,0.166666666666667,0.666666666666667,0,0.166666666666667,0,0,0,0.166666666666667,2,"math of finance","new york","10804",87789,10,"unsure",8,13,1,6,"columbia",1430,26908,1,5,3,5,1,10,4,7,6,4,4,4,9,7,10,3,5,4,7,10,4,8,0.0183333333333333,17.8333333333333,18.6666666666667,22,17,12.1666666666667,12.3333333333333
509,0,21,4,"Asian/Pacific Islander/Asian-American",28,22,6,0.272727272727273,0.454545454545454,0.590909090909091,5.3,6.73684210526316,7.1,6,7,5.65,6.25,4.4,2,0.0454545454545455,0.590909090909091,0,0.318181818181818,0,0.0454545454545455,0,0.318181818181818,6,"journalism","working","10594",NA,16,"journalism",1,1,2,22,"nyu",1340,25380,2,2,2,4,2,6,3,6,7,7,7,3,3,4,6,4,4,8,5,7,7,7,0.347727272727273,29.4545454545455,16.2727272727273,19.5454545454545,18.6818181818182,6.27272727272727,9.77272727272727
510,0,21,3,"Latino/Hispanic American",26,22,7,0.318181818181818,0.636363636363636,0.318181818181818,7.65,7.45,7.7,7.2,6.36842105263158,6.25,7,5.35,1.9,0.0454545454545455,0.590909090909091,0,0.318181818181818,0,0.0454545454545455,0,0,8,"business","chile",NA,NA,2,"professor",2,3,2,22,"universidad de chile",NA,NA,3,3,2,7,2,8,1,4,10,8,7,10,5,7,9,1,3,9,7,5,1,7,0.209545454545455,29.4545454545455,16.2727272727273,19.5454545454545,18.6818181818182,6.27272727272727,9.77272727272727
511,0,21,4,"Asian/Pacific Islander/Asian-American",23,22,4,0.181818181818182,0.181818181818182,0.727272727272727,6.0952380952381,7.23809523809524,7.57142857142857,5.52380952380952,6.9,4.76190476190476,5.66666666666667,4.66666666666667,1.95238095238095,0.0454545454545455,0.590909090909091,0,0.318181818181818,0,0.0454545454545455,0,0.318181818181818,5,"electrical engineering","india","395001",NA,7,"business management and information technology",3,5,2,22,"s.v regional engineering college,india",NA,NA,2,2,2,7,3,6,5,5,7,8,10,10,3,9,8,5,8,9,9,10,7,8,0.180454545454545,29.4545454545455,16.2727272727273,19.5454545454545,18.6818181818182,6.27272727272727,9.77272727272727
512,0,21,2,"European/Caucasian-American",NA,22,1,0.0454545454545455,0.409090909090909,0.0454545454545455,7.94117647058824,6.88235294117647,6.41176470588235,6.52941176470588,6.5625,4.375,6.52941176470588,4.82352941176471,2,0.0454545454545455,0.590909090909091,0,0.318181818181818,0,0.0454545454545455,0,0.590909090909091,15,"mfa acting program","cambridge, ma","2140",NA,6,"actress",4,7,2,22,"hamilton college",1280,27350,1,1,1,3,2,1,1,1,8,9,10,8,0,9,9,6,10,9,7,10,5,5,0.209545454545455,29.4545454545455,16.2727272727273,19.5454545454545,18.6818181818182,6.27272727272727,9.77272727272727
513,0,21,2,"European/Caucasian-American",23,22,6,0.272727272727273,0.681818181818182,0.272727272727273,7.85,6.5,6.75,7.75,6.65,4.65,6.45,5.1,2,0.0454545454545455,0.590909090909091,0,0.318181818181818,0,0.0454545454545455,0,0.590909090909091,15,"mfa acting program","florida","33418",50572,6,"actress",5,9,2,22,"tufts university",NA,26892,1,1,2,6,4,1,1,9,9,9,9,1,0,8,9,8,9,10,6,8,6,6,0.24,29.4545454545455,16.2727272727273,19.5454545454545,18.6818181818182,6.27272727272727,9.77272727272727
514,0,21,2,"European/Caucasian-American",23,22,0,0,0.181818181818182,0.5,4.66666666666667,6.85714285714286,6.76190476190476,6.52380952380952,6.57142857142857,5,5.66666666666667,5.38095238095238,2,0.0454545454545455,0.590909090909091,0,0.318181818181818,0,0.0454545454545455,0,0.590909090909091,3,"sociology","new york","11001",49642,2,"teacher and performer",6,11,2,22,"princeton university",1460,27230,8,9,2,4,3,5,3,7,7,8,10,2,2,1,8,6,10,8,9,10,6,7,0.267272727272727,29.4545454545455,16.2727272727273,19.5454545454545,18.6818181818182,6.27272727272727,9.77272727272727
515,0,21,2,"European/Caucasian-American",23,22,2,0.0909090909090909,0.409090909090909,0.136363636363636,7,6.55,6.80952380952381,6.23809523809524,5.8421052631579,4.23809523809524,6.0952380952381,4.47619047619048,2,0.0454545454545455,0.590909090909091,0,0.318181818181818,0,0.0454545454545455,0,0.590909090909091,6,"nonfiction writing","kansas","67111",20000,16,"writer/journalist",7,13,2,22,"university of kansas",NA,9811,8,5,1,6,3,10,10,8,9,9,8,10,3,8,9,8,9,10,7,10,5,9,0.125454545454545,29.4545454545455,16.2727272727273,19.5454545454545,18.6818181818182,6.27272727272727,9.77272727272727
516,0,21,4,"Asian/Pacific Islander/Asian-American",27,22,6,0.272727272727273,0.545454545454545,0.363636363636364,7.23809523809524,5.95238095238095,6.80952380952381,6.66666666666667,6.7,5.1,6.23809523809524,4.80952380952381,1.9047619047619,0.0454545454545455,0.590909090909091,0,0.318181818181818,0,0.0454545454545455,0,0.318181818181818,10,"biochemistry & molecular biophysics","california","91754",32508,2,"scientist",8,15,2,22,"california state university los angeles",NA,9162,9,3,2,6,3,3,3,6,10,9,9,5,5,8,9,6,9,4,9,9,9,3,0.196363636363636,29.4545454545455,16.2727272727273,19.5454545454545,18.6818181818182,6.27272727272727,9.77272727272727
517,0,21,3,"Latino/Hispanic American",30,22,0,0,0.272727272727273,0.0909090909090909,5.88235294117647,6.58823529411765,6.29411764705882,6,5.64705882352941,4.17647058823529,5.29411764705882,4.17647058823529,2,0.0454545454545455,0.590909090909091,0,0.318181818181818,0,0.0454545454545455,0,0,15,"acting","mexico","78666",NA,6,"acting",9,17,2,22,"southwestern university",1227,16650,1,1,5,5,3,2,1,9,9,6,8,4,1,2,9,3,10,8,4,4,3,9,0.15,29.4545454545455,16.2727272727273,19.5454545454545,18.6818181818182,6.27272727272727,9.77272727272727
518,0,21,2,"European/Caucasian-American",23,22,6,0.272727272727273,0.636363636363636,0.409090909090909,7.04545454545455,7.36363636363636,6.81818181818182,7.36363636363636,6.57142857142857,4.90909090909091,6.77272727272727,5.45454545454545,2,0.0454545454545455,0.590909090909091,0,0.318181818181818,0,0.0454545454545455,0,0.590909090909091,15,"theater","san diego","92028",35627,6,"actress",10,19,2,22,"university of california at santa barbara",1200,14915,2,1,5,7,2,4,2,5,8,6,7,5,5,9,9,8,8,8,6,8,9,4,0.209545454545455,29.4545454545455,16.2727272727273,19.5454545454545,18.6818181818182,6.27272727272727,9.77272727272727
519,0,21,2,"European/Caucasian-American",26,22,0,0,0.318181818181818,0,5.95,7.1,7.05,5.9,6.05263157894737,4.72222222222222,6.05,4.45,2,0.0454545454545455,0.590909090909091,0,0.318181818181818,0,0.0454545454545455,0,0.590909090909091,9,"education policy","boston","2420",NA,13,"school leadership/politics",11,21,2,22,"yale",1450,26100,8,9,2,4,2,9,5,9,5,8,7,7,2,3,9,4,7,8,7,8,2,2,0.155454545454545,29.4545454545455,16.2727272727273,19.5454545454545,18.6818181818182,6.27272727272727,9.77272727272727
520,0,21,6,"Other",28,22,0,0,0.181818181818182,0.272727272727273,4.95238095238095,7.42857142857143,7.42857142857143,6.55,6.4,5,5.75,4.25,2,0.0454545454545455,0.590909090909091,0,0.318181818181818,0,0.0454545454545455,0,0.0454545454545455,11,"social work/sipa","hawaii","96797",46280,9,"foreign service",12,23,2,22,"santa clara university",1239,20337,2,1,1,7,1,4,6,8,8,10,8,5,2,9,10,8,9,8,5,5,8,2,0.0890909090909091,29.4545454545455,16.2727272727273,19.5454545454545,18.6818181818182,6.27272727272727,9.77272727272727
521,0,21,2,"European/Caucasian-American",26,22,7,0.318181818181818,0.5,0.590909090909091,6.13636363636364,7.40909090909091,7.36363636363636,6.36363636363636,6.04761904761905,4.95238095238095,5.81818181818182,4.76190476190476,2,0.0454545454545455,0.590909090909091,0,0.318181818181818,0,0.0454545454545455,0,0.590909090909091,11,"social work","salt lake city","84108",41191,9,"exec. director of social service non-profit",13,25,2,22,"nyu",1340,25380,3,1,1,3,1,7,7,8,8,8,8,10,7,5,8,6,7,8,8,8,6,6,0.00454545454545455,29.4545454545455,16.2727272727273,19.5454545454545,18.6818181818182,6.27272727272727,9.77272727272727
522,0,21,2,"European/Caucasian-American",22,22,5,0.227272727272727,0.545454545454545,0.454545454545455,6.40909090909091,6.86363636363636,7.54545454545455,6.45454545454546,7.31818181818182,5.18181818181818,6.13636363636364,5.18181818181818,1.9047619047619,0.0454545454545455,0.590909090909091,0,0.318181818181818,0,0.0454545454545455,0,0.590909090909091,1,"law","pennsylvania","19087",71787,1,"assistant district attorney",14,27,2,22,"georgetown",1400,25425,3,6,1,6,2,6,6,6,7,8,9,3,3,7,9,8,10,10,7,7,5,3,0.258636363636364,29.4545454545455,16.2727272727273,19.5454545454545,18.6818181818182,6.27272727272727,9.77272727272727
523,0,21,4,"Asian/Pacific Islander/Asian-American",27,22,2,0.0909090909090909,0.0909090909090909,0.863636363636364,4.09090909090909,6.95454545454545,6.63636363636364,5.77272727272727,5.85714285714286,5,5.45454545454545,5.72727272727273,1.95454545454545,0.0454545454545455,0.590909090909091,0,0.318181818181818,0,0.0454545454545455,0,0.318181818181818,9,"education","china","10027",NA,10,"??",15,29,2,22,"beijing university",NA,NA,3,2,2,4,3,8,1,5,9,4,3,6,7,8,13,5,2,7,8,9,3,1,0.254545454545455,29.4545454545455,16.2727272727273,19.5454545454545,18.6818181818182,6.27272727272727,9.77272727272727
524,0,21,4,"Asian/Pacific Islander/Asian-American",25,22,14,0.636363636363636,0.636363636363636,0.954545454545455,7,7.75,7.85714285714286,7.71428571428571,7,6.05,6.76190476190476,5.52380952380952,2,0.0454545454545455,0.590909090909091,0,0.318181818181818,0,0.0454545454545455,0,0.318181818181818,4,"medicine","michigan","48306",72412,4,"physician/healthcare",16,31,2,22,"columbia university",1430,26908,9,6,2,7,4,4,1,7,9,8,8,6,3,8,7,7,8,8,5,5,7,5,0.147727272727273,29.4545454545455,16.2727272727273,19.5454545454545,18.6818181818182,6.27272727272727,9.77272727272727
525,0,21,2,"European/Caucasian-American",24,22,0,0,0,0.318181818181818,4.52380952380952,6.65,6.38095238095238,5.71428571428571,5.42105263157895,4.1,4.61904761904762,4.0952380952381,2,0.0454545454545455,0.590909090909091,0,0.318181818181818,0,0.0454545454545455,0,0.590909090909091,15,"public health","saratoga, ny","12020",36510,3,"sex therapist",17,33,2,22,"cornell university",1360,26062,2,8,2,4,1,6,2,8,6,5,5,3,2,1,8,8,9,10,7,8,8,1,0.199545454545455,29.4545454545455,16.2727272727273,19.5454545454545,18.6818181818182,6.27272727272727,9.77272727272727
526,0,21,3,"Latino/Hispanic American",26,22,2,0.0909090909090909,0.136363636363636,0.590909090909091,4.55,6.9047619047619,6.42857142857143,6.47619047619048,5.55,4.3,5.33333333333333,4.33333333333333,1.95238095238095,0.0454545454545455,0.590909090909091,0,0.318181818181818,0,0.0454545454545455,0,0,11,"social work","new jersey",NA,NA,11,"social work",18,35,2,22,"rutgers college",1188,11311,5,2,1,5,3,2,1,3,10,10,7,6,5,10,8,4,10,8,6,8,4,10,0.240909090909091,29.4545454545455,16.2727272727273,19.5454545454545,18.6818181818182,6.27272727272727,9.77272727272727
527,0,21,6,"Other",24,22,0,0,0.136363636363636,0,4.9047619047619,6.28571428571429,6.47619047619048,5.47619047619048,5.38095238095238,4,5,3.52380952380952,1.95238095238095,0.0454545454545455,0.590909090909091,0,0.318181818181818,0,0.0454545454545455,0,0.0454545454545455,11,"social work","california","90034",32386,11,"social worker",19,37,2,22,"ucla",1290,15309,5,5,1,4,3,5,5,1,8,7,7,6,2,7,6,6,8,7,8,8,7,6,0.261818181818182,29.4545454545455,16.2727272727273,19.5454545454545,18.6818181818182,6.27272727272727,9.77272727272727
528,0,21,3,"Latino/Hispanic American",29,22,0,0,0.227272727272727,0.0454545454545455,5.45,7.05,6.95,7.1,6.57894736842105,5.16666666666667,6.05,4.35,1.94736842105263,0.0454545454545455,0.590909090909091,0,0.318181818181818,0,0.0454545454545455,0,0,11,"social work","nyc","10029",15863,11,"social worker",20,39,2,22,"conneticut college",1310,33585,8,7,2,6,1,5,8,4,2,2,2,8,6,2,2,2,3,7,3,3,2,2,-0.195,29.4545454545455,16.2727272727273,19.5454545454545,18.6818181818182,6.27272727272727,9.77272727272727
529,0,21,4,"Asian/Pacific Islander/Asian-American",22,22,2,0.0909090909090909,0.136363636363636,0.545454545454545,4.0952380952381,7.71428571428571,7.38095238095238,5.19047619047619,6.4,4.38095238095238,5.47619047619048,5,1.95238095238095,0.0454545454545455,0.590909090909091,0,0.318181818181818,0,0.0454545454545455,0,0.318181818181818,5,"engineering","hkg",NA,NA,5,"engineer",21,41,2,22,"columbiau",1430,26908,4,1,2,4,1,7,4,6,10,8,8,8,6,5,5,5,8,8,8,8,4,4,0.226363636363636,29.4545454545455,16.2727272727273,19.5454545454545,18.6818181818182,6.27272727272727,9.77272727272727
530,0,21,4,"Asian/Pacific Islander/Asian-American",22,22,2,0.0909090909090909,0.136363636363636,0.727272727272727,4.14285714285714,7.85714285714286,7.52380952380952,5.14285714285714,6.45,3.76190476190476,5,5.05,2,0.0454545454545455,0.590909090909091,0,0.318181818181818,0,0.0454545454545455,0,0.318181818181818,5,"mechanical engineering","china","471001",NA,10,"dont know yet",22,43,2,22,"tianjin university in china",NA,NA,1,1,2,7,3,7,10,5,6,3,8,6,7,6,3,5,8,10,9,10,6,3,0.0845454545454545,29.4545454545455,16.2727272727273,19.5454545454545,18.6818181818182,6.27272727272727,9.77272727272727
531,1,21,4,"Asian/Pacific Islander/Asian-American",25,22,1,0.0454545454545455,0.318181818181818,0.181818181818182,4.45454545454545,7.04545454545455,7.86363636363636,5.27272727272727,6.77272727272727,4.61904761904762,5.40909090909091,4.90909090909091,2,0,0.409090909090909,0.181818181818182,0.318181818181818,0,0.0909090909090909,0,0.318181818181818,5,"electrical engineering","beijing, china","11572",NA,2,"teaching",1,2,2,22,"cooper union",NA,NA,5,1,2,7,2,10,10,6,6,10,10,10,6,6,6,10,10,10,8,10,1,6,0.127272727272727,21.7272727272727,18.1818181818182,21.2727272727273,16.6818181818182,8.63636363636364,13.9047619047619
532,1,21,4,"Asian/Pacific Islander/Asian-American",26,22,3,0.136363636363636,0.181818181818182,0.636363636363636,3.76190476190476,7.57142857142857,7.38095238095238,3.61904761904762,6.33333333333333,3.55,4.66666666666667,4.19047619047619,2,0,0.409090909090909,0.181818181818182,0.318181818181818,0,0.0909090909090909,0,0.318181818181818,5,"electrical engineering","california","94536",46272,5,"asic engineer",2,4,2,22,"univeristy of california, davis",1242,10704,8,3,1,2,2,7,8,6,8,6,4,4,8,6,9,7,6,8,6,7,5,2,-0.0290909090909091,21.7272727272727,18.1818181818182,21.2727272727273,16.6818181818182,8.63636363636364,13.9047619047619
533,1,21,2,"European/Caucasian-American",26,22,2,0.0909090909090909,0.318181818181818,0.227272727272727,5.71428571428571,5.95238095238095,6.28571428571429,5.19047619047619,5.76190476190476,4.35,5.04761904761905,4,1.9,0,0.409090909090909,0.181818181818182,0.318181818181818,0,0.0909090909090909,0,0.409090909090909,5,"engineering","greece","26223",NA,2,"academic/ finance",3,6,2,22,"university of reading, england",NA,NA,1,1,2,6,2,7,3,5,7,5,5,7,2,5,3,1,5,7,6,7,2,2,0.316363636363636,21.7272727272727,18.1818181818182,21.2727272727273,16.6818181818182,8.63636363636364,13.9047619047619
534,1,21,6,"Other",24,22,6,0.272727272727273,0.318181818181818,0.863636363636364,5.45454545454545,6.27272727272727,6.68181818181818,5.63636363636364,6.31818181818182,4.83333333333333,5.18181818181818,4.63636363636364,1.9,0,0.409090909090909,0.181818181818182,0.318181818181818,0,0.0909090909090909,0,0.0909090909090909,5,"electrical engineering","bangladesh",NA,NA,5,"software engr, network engr",4,8,2,22,"texas state university",NA,NA,1,1,3,5,6,7,9,3,9,9,8,6,7,7,7,3,6,7,8,7,4,1,0.125,21.7272727272727,18.1818181818182,21.2727272727273,16.6818181818182,8.63636363636364,13.9047619047619
535,1,21,2,"European/Caucasian-American",23,22,8,0.363636363636364,0.681818181818182,0.590909090909091,6,6.18181818181818,7.77272727272727,6.45454545454545,6.85,5.19047619047619,6.09090909090909,4.81818181818182,1.95454545454545,0,0.409090909090909,0.181818181818182,0.318181818181818,0,0.0909090909090909,0,0.409090909090909,10,"biochemistry","maryland","19380",48137,2,"science",5,10,2,22,"loyola college",1210,23500,5,6,1,5,3,4,3,4,7,7,6,2,8,8,8,6,6,9,8,9,5,6,0.256363636363636,21.7272727272727,18.1818181818182,21.2727272727273,16.6818181818182,8.63636363636364,13.9047619047619
536,1,21,2,"European/Caucasian-American",29,22,3,0.136363636363636,0.454545454545455,0.136363636363636,6.6,6.3,6.5,6.42105263157895,6.47368421052632,5.05882352941176,5.85,5,2,0,0.409090909090909,0.181818181818182,0.318181818181818,0,0.0909090909090909,0,0.409090909090909,2,"math","italy","80131",NA,7,"finance",6,12,2,22,"naples, italy",NA,NA,1,1,1,5,2,7,3,5,8,7,7,3,2,7,8,6,4,9,7,9,7,1,0.392727272727273,21.7272727272727,18.1818181818182,21.2727272727273,16.6818181818182,8.63636363636364,13.9047619047619
537,1,21,4,"Asian/Pacific Islander/Asian-American",22,22,2,0.0909090909090909,0.545454545454545,0.136363636363636,6,5.9047619047619,6.80952380952381,6.5,6.42105263157895,5.61111111111111,5.61904761904762,4.71428571428571,2,0,0.409090909090909,0.181818181818182,0.318181818181818,0,0.0909090909090909,0,0.318181818181818,5,"electrical engineering","san francisco/la","91789",61686,1,"law",7,14,2,22,"uc berkeley",1309,15162,7,1,1,5,1,6,6,7,10,8,8,3,3,6,10,8,10,10,10,10,10,1,0.395909090909091,21.7272727272727,18.1818181818182,21.2727272727273,16.6818181818182,8.63636363636364,13.9047619047619
538,1,21,2,"European/Caucasian-American",32,22,4,0.181818181818182,0.545454545454545,0.272727272727273,5.65,6.2,6.85,7.44444444444444,6.73333333333333,5.3125,6.16666666666667,5.63157894736842,2.1,0,0.409090909090909,0.181818181818182,0.318181818181818,0,0.0909090909090909,0,0.409090909090909,5,"biomedical engineering","born in iran","12563",NA,7,"self-made millionare",8,16,2,22,"cooper union, bard college, and suny purchase",NA,NA,1,1,1,4,2,8,2,8,8,8,8,8,8,6,8,5,4,6,3,6,6,6,0.0868181818181818,21.7272727272727,18.1818181818182,21.2727272727273,16.6818181818182,8.63636363636364,13.9047619047619
539,1,21,2,"European/Caucasian-American",22,22,2,0.0909090909090909,0.363636363636364,0.363636363636364,5,5.57142857142857,6.76190476190476,6.38095238095238,6.65,4.89473684210526,5.47619047619048,4.66666666666667,1.95,0,0.409090909090909,0.181818181818182,0.318181818181818,0,0.0909090909090909,0,0.409090909090909,1,"law","russia","7078",NA,1,"lawyer",9,18,2,22,"dartmouth college",1430,26562,6,6,1,4,1,8,9,8,9,9,9,4,6,8,8,6,7,9,7,7,7,6,0.18,21.7272727272727,18.1818181818182,21.2727272727273,16.6818181818182,8.63636363636364,13.9047619047619
540,1,21,2,"European/Caucasian-American",24,22,1,0.0454545454545455,0.227272727272727,0.272727272727273,4.2,6.75,6.35,5.6,5.94736842105263,4.26315789473684,5.33333333333333,5.14285714285714,1.95238095238095,0,0.409090909090909,0.181818181818182,0.318181818181818,0,0.0909090909090909,0,0.409090909090909,5,"industrial engineering","persia","0",NA,2,"academic work, consultant",10,20,2,22,"seas",1450,26908,5,1,1,7,4,6,4,4,5,7,8,8,9,6,7,4,9,9,9,9,6,3,0.215909090909091,21.7272727272727,18.1818181818182,21.2727272727273,16.6818181818182,8.63636363636364,13.9047619047619
541,1,21,4,"Asian/Pacific Islander/Asian-American",23,22,1,0.0454545454545455,0.272727272727273,0.409090909090909,4.5,6.75,7,4.75,6.3,4.8421052631579,5.35,4.85,2,0,0.409090909090909,0.181818181818182,0.318181818181818,0,0.0909090909090909,0,0.318181818181818,5,"industrial engineering/operations research","indonesia","10024",NA,7,"entrepreneur",11,22,2,22,"university of toronto",NA,NA,2,2,3,7,3,10,10,7,8,3,5,4,3,8,3,10,5,10,10,9,9,3,-0.0490909090909091,21.7272727272727,18.1818181818182,21.2727272727273,16.6818181818182,8.63636363636364,13.9047619047619
542,1,21,4,"Asian/Pacific Islander/Asian-American",23,22,3,0.136363636363636,0.272727272727273,0.409090909090909,5.04761904761905,5.9047619047619,6.38095238095238,5.19047619047619,6.61111111111111,4.16666666666667,4.61904761904762,4.52380952380952,2,0,0.409090909090909,0.181818181818182,0.318181818181818,0,0.0909090909090909,0,0.318181818181818,5,"masters of industrial engineering","india and nj","8805",NA,7,"to go into finance",12,24,2,22,"nirma institute of technology-india",NA,NA,7,1,2,5,3,4,7,6,10,9,8,1,8,8,9,8,8,9,9,8,9,6,0.182272727272727,21.7272727272727,18.1818181818182,21.2727272727273,16.6818181818182,8.63636363636364,13.9047619047619
543,1,21,4,"Asian/Pacific Islander/Asian-American",24,22,0,0,0.272727272727273,0.0454545454545455,5.15,6.45,6.8,5.8,6.05263157894737,4.88235294117647,5.28571428571429,4.73809523809524,1.9047619047619,0,0.409090909090909,0.181818181818182,0.318181818181818,0,0.0909090909090909,0,0.318181818181818,5,"electrical engineering","san diego","95831",47624,5,"research engineer",13,26,2,22,"university of southern california",1320,25533,9,6,1,7,2,8,8,5,8,8,5,5,9,8,8,8,6,8,8,8,8,3,-0.126818181818182,21.7272727272727,18.1818181818182,21.2727272727273,16.6818181818182,8.63636363636364,13.9047619047619
544,1,21,4,"Asian/Pacific Islander/Asian-American",23,22,3,0.136363636363636,0.363636363636364,0.272727272727273,4.9,6.25,6.6,5.7,5.68421052631579,4.33333333333333,5.15,4.05,1.84210526315789,0,0.409090909090909,0.181818181818182,0.318181818181818,0,0.0909090909090909,0,0.318181818181818,5,"biomedical engineering","san francisco","94121",36673,4,"physician",14,28,2,22,"u.c. berkeley",1309,15162,3,8,1,7,3,3,4,3,10,7,8,5,14,9,2,10,7,8,8,9,10,3,-0.0754545454545455,21.7272727272727,18.1818181818182,21.2727272727273,16.6818181818182,8.63636363636364,13.9047619047619
545,1,21,2,"European/Caucasian-American",24,22,2,0.0909090909090909,0.318181818181818,0.181818181818182,6,6.23076923076923,6.07692307692308,6.07692307692308,6,4.91666666666667,5.92307692307692,4.84615384615385,2,0,0.409090909090909,0.181818181818182,0.318181818181818,0,0.0909090909090909,0,0.409090909090909,5,"biomedical informatics","new york city","10027",16767,4,"doctor",15,30,2,22,"columbia",1430,26908,7,1,1,7,2,10,2,2,5,5,4,7,5,4,7,4,3,4,5,5,2,1,0.0559090909090909,21.7272727272727,18.1818181818182,21.2727272727273,16.6818181818182,8.63636363636364,13.9047619047619
546,1,21,2,"European/Caucasian-American",30,22,6,0.272727272727273,0.545454545454545,0.409090909090909,7.38095238095238,6.38095238095238,7.38095238095238,7.04761904761905,6.5,5.70588235294118,6.52380952380952,5.38095238095238,2,0,0.409090909090909,0.181818181818182,0.318181818181818,0,0.0909090909090909,0,0.409090909090909,8,"business","genova, italy","16146",NA,7,"consulting",16,32,2,22,"university of genova",NA,NA,3,4,2,4,1,10,5,8,10,4,3,5,1,1,2,4,3,6,3,9,10,6,0.0522727272727273,21.7272727272727,18.1818181818182,21.2727272727273,16.6818181818182,8.63636363636364,13.9047619047619
547,1,21,2,"European/Caucasian-American",30,22,3,0.136363636363636,0.5,0.227272727272727,6.31818181818182,6.18181818181818,7.04545454545454,6.04545454545455,6.27272727272727,5.68421052631579,5.63636363636364,5.09090909090909,2,0,0.409090909090909,0.181818181818182,0.318181818181818,0,0.0909090909090909,0,0.409090909090909,8,"mba - private equity / real estate","milan, italy",NA,NA,7,"private equity - leveraged buy-outs",17,34,2,22,"oxford university",NA,NA,1,1,2,3,1,9,6,9,7,8,8,2,2,8,9,4,9,8,9,9,6,5,0.329090909090909,21.7272727272727,18.1818181818182,21.2727272727273,16.6818181818182,8.63636363636364,13.9047619047619
548,1,21,2,"European/Caucasian-American",30,22,5,0.227272727272727,0.454545454545455,0.409090909090909,6.85714285714286,5.80952380952381,6.66666666666667,5.71428571428571,6.15,4.45,5.42857142857143,4.30952380952381,2,0,0.409090909090909,0.181818181818182,0.318181818181818,0,0.0909090909090909,0,0.409090909090909,8,"business","germany","50354",NA,7,"management",18,36,2,22,"university of cologne, germany",NA,NA,8,8,1,6,1,10,8,4,10,3,2,2,5,1,9,6,4,6,7,10,4,1,0.0481818181818182,21.7272727272727,18.1818181818182,21.2727272727273,16.6818181818182,8.63636363636364,13.9047619047619
549,1,21,2,"European/Caucasian-American",28,22,5,0.227272727272727,0.454545454545455,0.409090909090909,6.35,6.65,6.85,6.65,6,5.11111111111111,5.85,4.35,2,0,0.409090909090909,0.181818181818182,0.318181818181818,0,0.0909090909090909,0,0.409090909090909,8,"general management/finance","italy","136",NA,7,"general management/consulting",19,38,2,22,"luiss, rome",NA,NA,2,3,1,7,1,8,5,6,9,7,7,4,8,8,7,7,8,8,10,10,8,2,0.192727272727273,21.7272727272727,18.1818181818182,21.2727272727273,16.6818181818182,8.63636363636364,13.9047619047619
550,1,21,2,"European/Caucasian-American",30,22,4,0.181818181818182,0.272727272727273,0.318181818181818,5.13636363636364,5.81818181818182,6.5,5.27272727272727,6.36363636363636,4.19047619047619,4.63636363636364,4.5,2,0,0.409090909090909,0.181818181818182,0.318181818181818,0,0.0909090909090909,0,0.409090909090909,8,"mba","uk",NA,NA,7,"finance",20,40,2,22,"oxford",NA,NA,5,6,2,4,1,5,3,5,9,7,8,3,3,8,8,3,7,7,4,6,6,3,0.406818181818182,21.7272727272727,18.1818181818182,21.2727272727273,16.6818181818182,8.63636363636364,13.9047619047619
551,1,21,1,"Black/African American",27,22,2,0.0909090909090909,0.454545454545455,0.363636363636364,6.14285714285714,6.66666666666667,6.76190476190476,5.57142857142857,6.23809523809524,5.16666666666667,5.95238095238095,4.76190476190476,1.85714285714286,0,0.409090909090909,0.181818181818182,0.318181818181818,0,0.0909090909090909,0,0,8,"business","london & new york","11570",55138,7,"banking",21,42,2,22,"harvard",1400,26019,2,1,1,6,3,6,1,7,6,7,3,2,1,7,10,2,5,6,7,7,7,1,0.320909090909091,21.7272727272727,18.1818181818182,21.2727272727273,16.6818181818182,8.63636363636364,13.9047619047619
552,1,21,2,"European/Caucasian-American",25,22,6,0.272727272727273,0.681818181818182,0.318181818181818,7.3,5.85,6.1578947368421,5.75,6.15,5,5.9,3.775,2,0,0.409090909090909,0.181818181818182,0.318181818181818,0,0.0909090909090909,0,0.409090909090909,18,"climate dynamics","france","78110",NA,15,"assistant master of the universe (otherwise it's too much work)",22,44,2,22,"ecole normale suprieure, paris",NA,NA,1,1,1,2,1,8,2,5,10,10,10,7,1,9,8,3,7,9,10,10,7,3,0.46,21.7272727272727,18.1818181818182,21.2727272727273,16.6818181818182,8.63636363636364,13.9047619047619
